CD0,4.687488
AW1,4.687725
AL1,4.687921
CD0,4.688938
DE1,16.296879
DL1,16.297168
DW1,16.297346
RE1,16.297452
CA1,16.428020
AW1,16.428460
DW1,16.611995
AW2,16.612203
AL2,16.612360
DE1,16.613139
DE2,21.102961
DL2,21.103258
DW2,21.103461
RE2,21.103607
AW4,21.233846
AL4,21.234039
DE6,24.923134
DL4,25.053456
DW4,25.053670
CD0,25.054384
DE5,30.876283
DE6,33.750529
AW1,35.050012
AL1,35.050233
CD0,35.050990
DE1,38.588154
DL1,38.588436
DW1,38.588610
RE1,38.588717
CA1,38.700957
AW1,38.701352
DE1,38.815062
DW1,38.815343
RE1,38.815450
AW2,39.674030
AL2,39.674547
DE2,49.293832
DL2,49.294148
DW2,49.294308
RE2,49.294407
AW4,49.423384
AL4,49.423811
DE4,52.793206
DL4,52.793602
DW4,52.794323
RE4,52.794570
AW1,52.924154
AL1,52.924345
CD0,52.925186
DE1,56.499771
DL1,56.500386
DW1,56.500723
RE1,56.500961
CA4,56.634770
AW1,56.635647
DW1,56.815238
AW2,56.815604
AL2,56.815901
DE1,56.816616
DE2,60.080730
DL2,60.081044
DW2,60.081686
RE2,60.081961
AW5,60.216380
AL5,60.216758
DE5,65.784467
DL5,65.785170
DW5,65.785810
RE5,65.786213
AW1,65.924883
RE1,65.925369
AL1,65.925866
CD0,65.926737
DE1,69.968628
DL1,69.969410
DW1,69.969914
RE1,69.970412
CA1,70.241785
AW1,70.242935
DE1,70.248210
DW1,70.248740
RE1,70.249185
AW2,70.378607
AL2,70.378874
DE2,74.008566
DL2,74.009290
DW2,74.009818
RE2,74.010300
AW4,74.265092
AL4,74.265283
DE4,77.712931
DL4,77.713293
DW4,77.714037
RE4,77.714170
AW1,77.844424
RE1,77.844755
AL1,77.845080
DE3,83.217461
DE1,87.144636
DL1,87.145407
DW1,87.145898
RE1,87.146328
CA1,87.365446
AW1,87.365901
DE1,87.369393
DW1,87.369567
RE1,87.369662
AW2,87.488141
AL2,87.488380
DE2,90.076306
DL2,90.077079
DW2,90.077575
RE2,90.078019
AW4,90.212107
AL4,90.212615
DE6,94.363387
DL4,94.498094
DW4,94.498742
CD0,94.499458
DE1,99.816478
AW1,104.486865
AL1,104.487245
CD0,104.488005
DE1,106.082847
DL1,106.083354
DW1,106.083694
RE1,106.083938
CA4,106.201748
AW1,106.202537
DE1,106.321090
DW1,106.321368
RE1,106.321481
DE2,109.393211
AW6,109.524139
AL6,109.524643
DE1,117.416547
DE2,120.184214
DE5,125.364743
DE6,129.715236
DL6,129.715969
DW6,129.716485
RE6,129.716867
AW1,129.844403
AL1,129.844620
CD0,129.845398
DE1,135.421653
DL1,135.422005
DW1,135.422235
RE1,135.422386
CA1,135.570190
AW1,135.570746
DW1,135.753328
AW2,135.753520
AL2,135.753669
DE1,135.754377
DE2,138.199079
DL2,138.199414
DW2,138.199658
RE2,138.199800
AW3,138.348760
AL3,138.349031
DE3,141.936381
DL3,142.073346
DW3,142.073843
AW1,142.074286
RE1,142.074701
CD0,142.077163
AL1,142.077626
DE1,150.887682
DL1,150.888449
DW1,150.888930
RE1,150.889325
CA4,151.022990
AW1,151.024244
DW1,151.236077
AW2,151.236604
AL2,151.237056
DE1,151.237801
DE2,153.221023
DL2,153.221345
DW2,153.221555
RE2,153.221658
AW6,153.362102
AL6,153.362327
DE1,162.075784
DE2,176.306069
DE6,177.973013
DL6,177.973392
DW6,177.973835
RE6,177.974392
AW1,178.133980
RE1,178.134129
AL1,178.134332
CD0,178.135071
DE1,188.921885
DL1,188.922183
DW1,188.922394
RE1,188.922493
CA1,189.053119
AW1,189.053576
DW1,189.174303
AW2,189.174519
AL2,189.174671
DE1,189.621703
DE2,191.398942
DL2,191.399255
DW2,191.399411
RE2,191.399511
AW3,191.530378
AL3,191.530604
DE1,203.104268
DE2,209.098669
DE1,222.455402
DE5,232.559493
DL3,232.689556
DW3,232.689747
CD0,232.690540
DE2,236.618655
AW1,242.690889
AL1,242.691106
CD0,242.691848
DE1,247.804404
DL1,247.804735
DW1,247.804966
RE1,247.805115
CA4,247.920112
AW1,247.920641
DE1,248.161567
DW1,248.161932
RE1,248.162138
AW2,249.197562
AL2,249.197814
DE2,251.005657
DL2,251.006037
DW2,251.006251
RE2,251.006392
AW6,251.136448
AL6,251.136701
DE4,259.096183
DL6,259.228063
DW6,259.228264
CD0,259.228951
DE5,259.528352
DE5,263.442204
DE1,264.257308
DE1,268.265906
AW1,269.340015
AL1,269.340266
CD0,269.341008
DE5,269.341716
DE1,269.359663
DL1,269.360128
DW1,269.360302
RE1,269.360400
CA4,269.542403
AW1,269.542795
DW1,269.663600
AW2,269.663798
AL2,269.663946
DE2,273.295484
DL2,273.295756
DW2,273.295913
RE2,273.296011
AW5,273.499283
AL5,273.499477
DE5,273.518723
DL5,273.519084
DW5,273.519261
RE5,273.519362
AW1,273.644823
AL1,273.645024
CD0,273.645761
DE5,279.816194
DE3,285.087686
DE1,290.760258
DL1,290.760626
DW1,290.760853
RE1,290.760996
CA4,290.873170
AW1,290.874259
DE1,291.127496
DW1,291.128229
RE1,291.128628
DE5,292.055983
DE2,294.924407
AW5,295.138557
AL5,295.138757
DE5,295.159256
DL5,295.159627
DW5,295.159813
RE5,295.159906
AW1,295.285717
AL1,295.285919
CD0,295.286677
DE6,299.410998
DE5,309.163433
DE5,313.157136
DE1,317.387330
DL1,317.387628
DW1,317.388272
RE1,317.388524
CA1,317.529812
AW1,317.530442
DW1,317.718924
AW2,317.719228
AL2,317.719450
DE1,317.720275
DE2,320.051060
DL2,320.181480
DW2,320.181660
AW3,320.181797
AL3,320.181932
DE3,323.045066
DL3,323.045606
DW3,323.045919
RE3,323.046072
AW1,323.179574
RE1,323.179778
AL1,323.180062
CD0,323.180889
DE1,329.342748
DL1,329.343121
DW1,329.343274
RE1,329.343368
CA1,329.492172
AW1,329.492698
DW1,329.725322
AW2,329.725801
AL2,329.726270
DE1,329.727013
DE2,332.704715
DL2,332.705492
DW2,332.705968
RE2,332.706355
AW4,332.840137
AL4,332.840690
DE4,336.992489
DL4,336.993086
DW4,336.993447
RE4,336.993704
AW1,337.120697
AL1,337.120912
CD0,337.121705
DE1,341.668314
DL1,341.668674
DW1,341.668886
RE1,341.669048
CA1,341.799889
AW1,341.800525
DW1,342.000192
AW2,342.000396
AL2,342.000561
DE1,342.001275
DE2,344.723392
DL2,344.723732
DW2,344.723940
RE2,344.724083
AW3,344.855147
AL3,344.855438
DE5,352.577434
DL3,352.708711
DW3,352.709510
CD0,352.710318
DE1,353.889677
DE1,357.986158
DE1,362.090320
AW1,362.704697
AL1,362.704927
CD0,362.705668
DE1,362.892418
DL1,362.893200
DW1,362.893695
RE1,362.894111
CA1,363.027180
AW1,363.028410
DW1,363.147104
AW2,363.147382
AL2,363.147577
DE1,363.783387
DE2,365.779554
DL2,365.779891
DW2,365.780307
RE2,365.780471
AW3,365.913364
AL3,365.913548
DE3,370.416353
DL3,370.417082
DW3,370.417568
RE3,370.418004
AW1,370.610327
AL1,370.610888
CD0,370.611639
DE5,370.816165
DE1,374.376503
DL1,374.377230
DW1,374.377838
RE1,374.378225
CA1,374.523066
AW1,374.523474
DW1,374.831962
AW2,374.832130
AL2,374.832285
DE1,374.832954
DE5,374.833380
DE2,377.011104
DL2,377.011865
DW2,377.012393
RE2,377.012781
AW3,377.155777
AL3,377.156317
DE5,378.926468
DL3,379.071221
DW3,379.071473
CD0,379.072186
DE5,382.916776
DE4,383.365277
DE1,385.605292
AW1,389.056264
AL1,389.056690
CD0,389.057459
DE1,390.419111
DL1,390.419541
DW1,390.419762
RE1,390.420026
CA4,390.549963
AW1,390.550455
AL2,390.739203
DW1,390.857300
AW2,390.857539
DE2,393.113864
DL2,393.114633
DW2,393.115091
RE2,393.115519
AW5,393.307451
AL5,393.307657
DE5,393.327471
DL5,393.327856
DW5,393.328037
RE5,393.328138
AW1,393.458315
AL1,393.458578
CD0,393.459371
DE3,398.711768
DE1,401.992874
DL1,401.993643
DW1,401.994132
RE1,401.994527
CA1,402.127781
AW1,402.128962
DW1,402.248641
AW2,402.249147
AL2,402.249601
DE1,402.404488
DE2,404.771119
DL2,404.771921
DW2,404.772412
RE2,404.772845
AW3,404.906007
AL3,404.906561
DE5,408.556727
DL3,408.692155
DW3,408.692586
CD0,408.693360
DE1,414.910875
AW1,418.748247
AL1,418.748617
CD0,418.749428
DE5,418.750212
DE1,419.167135
DL1,419.167717
DW1,419.168082
RE1,419.168319
CA1,419.302125
AW1,419.302959
DW1,419.422626
AW2,419.422983
AL2,419.423284
DE1,419.738573
DE2,421.865999
DL2,421.866580
DW2,421.866925
RE2,421.867167
AW3,422.000993
AL3,422.001421
DE3,426.386051
DL3,426.386831
DW3,426.387337
RE3,426.387753
DE5,426.388473
AW1,426.514281
AL1,426.514773
CD0,426.515563
DE1,429.986240
DL1,429.986961
DW1,429.987493
RE1,429.987908
CA1,430.122221
AW1,430.123344
DW1,430.242800
AW2,430.243356
AL2,430.243832
DE1,430.360378
DE2,432.544527
DL2,432.545303
DW2,432.545774
RE2,432.546205
AW4,432.682038
AL4,432.682570
DE5,436.843275
DL4,436.971558
DW4,436.971805
CD0,436.972546
DE5,440.843465
DE1,442.439686
DE5,444.839745
DE1,446.447397
AW1,446.966061
AL1,446.966240
CD0,446.966993
DE1,447.251727
DL1,447.252463
DW1,447.252958
RE1,447.253288
CA1,447.382838
AW1,447.383982
DW1,447.504723
AW2,447.505231
AL2,447.505683
DE2,449.888634
DL2,449.888902
DW2,449.889061
RE2,449.889160
AW4,450.031584
AL4,450.031811
DE4,453.648906
DL4,453.649185
DW4,453.649343
RE4,453.649443
AW1,453.774743
AL1,453.774974
CD0,453.775714
DE1,457.984730
DL1,457.985035
DW1,457.985251
RE1,457.985351
CA4,458.118308
AW1,458.118866
DW1,458.238372
AW2,458.238596
AL2,458.238746
DE1,459.379133
DE2,460.686961
DL2,460.687230
DW2,460.687408
RE2,460.687531
AW6,460.818015
AL6,460.818216
DE6,464.864134
DL6,464.864466
DW6,464.864707
RE6,464.864812
RE1,464.990857
CD0,464.994437
AW1,465.110315
AL1,465.110840
DE1,468.728695
DL1,468.729428
DW1,468.729917
RE1,468.730413
CA1,468.863874
AW1,468.864941
DW1,469.060710
AW2,469.061215
AL2,469.061663
DE1,469.062388
DE2,471.479665
DL2,471.480032
DW2,471.480301
RE2,471.480443
AW4,471.610892
AL4,471.611153
DE4,475.013701
DL4,475.014110
DW4,475.014275
RE4,475.014374
RE1,475.139464
AW1,475.139746
AL1,475.139915
CD0,475.140735
DE1,478.791001
DL1,478.791305
DW1,478.791477
RE1,478.791577
CA4,478.922217
AW1,478.922634
DE1,479.149855
DW1,479.150225
RE1,479.150333
AW2,480.212297
AL2,480.212505
DE2,482.925648
DL2,482.925910
DW2,482.926069
RE2,482.926169
AW6,483.056430
AL6,483.056638
DE5,486.762801
DE6,488.475796
DL6,488.476159
DW6,488.476336
RE6,488.476440
RE1,488.600631
CD0,488.603190
AW1,488.715735
AL1,488.715922
DE5,490.854172
DE1,492.405766
DL1,492.406080
DW1,492.406267
RE1,492.406372
CA1,492.537263
AW1,492.537683
DW1,492.722629
AW2,492.722831
AL2,492.722990
DE1,492.723695
DE2,495.182524
DL2,495.182776
DW2,495.182939
RE2,495.183040
AW4,495.310498
AL4,495.310687
DE4,498.771641
DL4,498.772083
DW4,498.772370
RE4,498.772523
AW1,498.916795
RE1,498.916945
AL1,498.917111
CD0,498.917899
DE1,502.558918
DL1,502.559254
DW1,502.559470
RE1,502.559612
CA4,502.691168
AW1,502.691601
DW1,502.876040
AW2,502.876256
AL2,502.876420
DE1,502.877134
DE2,505.579679
DL2,505.580099
DW2,505.580276
RE2,505.580397
AW5,505.782102
AL5,505.782293
DE5,505.802831
DL5,505.803226
DW5,505.803457
RE5,505.803558
AW1,505.930234
RE1,505.930552
AL1,505.930863
CD0,505.931681
DE3,509.967901
DE1,513.659486
DL1,513.660134
DW1,513.660571
RE1,513.660836
CA4,513.910918
AW1,513.911391
DE1,513.915320
DW1,513.915521
RE1,513.915641
AW2,514.028488
AL2,514.028722
DE2,517.643593
DL2,517.643864
DW2,517.644027
RE2,517.644146
AW5,517.843252
AL5,517.843513
DE5,517.863457
DL5,517.863835
DW5,517.864042
RE5,517.864183
AW1,517.988466
AL1,517.988681
CD0,517.989450
DE5,524.055685
DE5,530.037467
DE1,531.033751
DL1,531.034125
DW1,531.034344
RE1,531.034487
CA4,531.163544
AW1,531.164070
DE1,532.378313
DW1,532.378512
RE1,532.378614
AW2,532.522057
AL2,532.522554
DE2,538.781026
DL2,538.781685
DW2,538.782194
RE2,538.782577
AW5,538.969890
AL5,538.970531
DE5,538.990133
DL5,538.990884
DW5,538.991421
RE5,538.991811
AW1,539.132363
AL1,539.132854
CD0,539.133654
DE4,543.971537
DE1,546.567198
DL1,546.567788
DW1,546.568159
RE1,546.568276
CA4,546.702257
AW1,546.703101
DW1,546.821262
AW2,546.821469
AL2,546.821620
DE2,549.220502
DL2,549.220852
DW2,549.221096
RE2,549.221260
AW5,549.415046
AL5,549.415325
DE5,549.434631
DL5,549.435044
DW5,549.435369
RE5,549.435533
AW1,549.561963
AL1,549.562234
CD0,549.563035
DE5,556.776375
DE6,561.539889
DE5,564.438743
DE1,565.054895
DL1,565.055293
DW1,565.055455
RE1,565.055555
CA4,565.184605
AW1,565.185435
DE1,565.515207
DW1,565.515734
RE1,565.516000
AW2,566.477702
AL2,566.477970
DE2,568.256774
DL2,568.257117
DW2,568.257331
RE2,568.257474
AW6,568.480105
AL6,568.480375
DE5,572.393833
DE6,574.725566
DL6,574.725922
DW6,574.726151
RE6,574.726293
AW1,574.852717
AL1,574.852974
DE1,578.024617
DL1,578.024983
DW1,578.025207
RE1,578.025357
CA4,578.154716
AW1,578.155267
DW1,578.356377
DE1,578.357142
AW2,579.046992
AL2,579.047241
DE2,581.456807
DL2,581.457186
DW2,581.457411
RE2,581.457555
DE5,581.476023
AW5,581.660788
AL5,581.661126
DL5,581.665152
DW5,581.665359
AW1,581.665542
AL1,581.665731
CD0,581.666461
DE5,581.667168
DL5,581.779591
DE4,588.217690
DE1,591.381480
DL1,591.381980
DW1,591.382357
RE1,591.382616
CA4,591.534621
AW1,591.535485
DW1,591.655295
AW2,591.655501
AL2,591.655652
DE1,592.642493
DE2,594.037559
DL2,594.037831
DW2,594.038521
RE2,594.038758
AW6,594.187169
AL6,594.187357
DE6,598.323963
DL6,598.324705
DW6,598.325200
RE6,598.325593
AW1,598.474124
AL1,598.474633
CD0,598.475403
DE1,601.831048
DL1,601.831710
DW1,601.832196
RE1,601.832590
CA1,601.951992
AW1,601.952404
DE1,602.158434
DW1,602.158716
RE1,602.158816
AW2,604.552276
AL2,604.552462
DE2,604.764824
DL2,604.765527
DW2,604.766030
RE2,604.766425
AW3,604.894749
AL3,604.894955
DE3,609.308239
DL3,609.308601
DW3,609.308774
RE3,609.308875
AW1,609.544452
RE1,609.544907
AL1,609.545364
CD0,609.546127
DE1,613.140712
DL1,613.141449
DW1,613.141946
RE1,613.142333
CA1,613.275719
AW1,613.276142
DW1,613.472508
AW2,613.472718
AL2,613.472872
DE1,613.473598
DE2,616.603733
DL2,616.604083
DW2,616.604303
RE2,616.604448
AW4,616.733843
AL4,616.734095
DE5,620.721550
DL4,620.852887
DW4,620.853445
CD0,620.854134
DE5,624.724296
DE1,625.043438
DE1,629.107407
AW1,630.850242
AL1,630.850781
CD0,630.851591
DE1,631.028490
DL1,631.029254
DW1,631.029736
RE1,631.030262
CA4,631.163685
AW1,631.164777
DW1,631.283659
AW2,631.283888
AL2,631.284039
DE2,633.508216
DL2,633.508520
DW2,633.508680
RE2,633.508784
AW6,633.639897
AL6,633.640179
DE3,637.686777
DL6,637.817445
DW6,637.817658
CD0,637.818414
DE1,643.479708
DE1,647.472388
AW1,647.813391
AL1,647.813576
CD0,647.814346
DE1,649.204400
DL1,649.204727
DW1,649.204896
RE1,649.204996
CA1,649.352643
AW1,649.353071
DW1,649.473136
AW2,649.473323
AL2,649.473470
DE1,650.944482
DE2,652.292980
DL2,652.293740
DW2,652.294234
RE2,652.294618
AW3,652.433918
AL3,652.434285
DE3,656.347480
DL3,656.348015
DW3,656.348362
RE3,656.348602
AW1,656.480296
AL1,656.480659
CD0,656.481412
DE1,659.854449
DL1,659.855172
DW1,659.855672
RE1,659.856066
CA1,659.985584
AW1,659.985996
DW1,660.175718
AW2,660.175919
AL2,660.176074
DE2,662.460740
DL2,662.461039
DW2,662.461662
RE2,662.461768
AW3,662.595792
AL3,662.596198
DE3,666.564145
DL3,666.564648
DW3,666.564984
RE3,666.565223
AW1,666.691400
AL1,666.691758
CD0,666.692504
DE1,669.876427
DL1,669.876987
DW1,669.877339
RE1,669.877443
CA1,670.096769
AW1,670.097511
DE1,670.101886
DW1,670.102259
RE1,670.102509
AW2,670.324675
AL2,670.325046
DE2,672.889810
DL2,672.890245
DW2,672.890464
RE2,672.890612
AW4,673.014598
AL4,673.014776
DE6,677.277179
DL4,677.409011
DW4,677.409217
CD0,677.409910
DE1,681.519409
DE1,685.530337
AW1,687.403796
AL1,687.404016
CD0,687.404773
DE1,687.611994
DL1,687.612289
DW1,687.612465
RE1,687.612568
CA4,687.742743
AW1,687.743167
DW1,687.863826
AW2,689.034702
AL2,689.034914
DE2,690.197357
DL2,690.197609
DW2,690.197768
RE2,690.197869
AW5,690.328598
AL5,690.328780
DE5,693.787547
DL5,693.787829
DW5,693.788317
RE5,693.788420
CD0,693.917171
AW1,694.029765
AL1,694.030173
DE5,697.857240
DE1,700.253703
DL1,700.253982
DW1,700.254152
RE1,700.254251
CA1,700.387366
AW1,700.388207
DW1,700.507242
AW2,700.507594
AL2,700.507898
DE5,701.891346
DE2,702.965783
DL2,702.966059
DW2,702.966674
RE2,702.966914
AW3,703.100765
AL3,703.101136
DE3,707.023728
DL3,707.024327
DW3,707.024674
RE3,707.024921
AW1,707.150771
RE1,707.151067
AL1,707.151373
CD0,707.152118
DE1,710.367587
DL1,710.368148
DW1,710.368501
RE1,710.368743
CA1,710.486358
AW1,710.487174
DE1,710.703065
DW1,710.703343
RE1,710.703447
AW2,711.027597
AL2,711.027793
DE2,713.454511
DL2,713.454788
DW2,713.454951
RE2,713.455054
AW3,713.581920
AL3,713.582119
DE6,717.810230
DL3,717.946144
DW3,717.946425
DE1,721.291770
DE1,725.388428
AW1,727.943343
AL1,727.943564
CD0,727.944319
DE1,728.106643
DL1,728.106980
DW1,728.107214
RE1,728.107383
CA4,728.238228
AW1,728.239348
DW1,728.359716
AW2,728.360288
AL2,728.360788
DE2,730.858017
DL2,730.858806
DW2,730.859314
RE2,730.859713
AW5,731.062012
AL5,731.062515
DE5,731.081861
DL5,731.082667
DW5,731.083208
RE5,731.083631
AW1,731.208728
AL1,731.208926
CD0,731.209706
DE3,735.051527
DE1,737.444758
DL1,737.445525
DW1,737.446013
RE1,737.446405
CA1,737.579836
AW1,737.580280
DW1,737.791690
AW2,737.791981
AL2,737.792177
DE1,737.792898
DE2,741.504625
DL2,741.504968
DW2,741.505187
RE2,741.505332
AW3,741.629504
AL3,741.629737
DE5,745.784308
DL3,745.914855
DW3,745.915419
CD0,745.916112
DE5,749.786975
DE5,753.781536
AW1,755.912332
AL1,755.912542
CD0,755.913287
DE1,759.207058
DL1,759.207324
DW1,759.207490
RE1,759.207591
CA1,759.319765
AW1,759.320265
DE1,759.943589
DW1,759.943869
RE1,759.943979
AW2,761.758297
AL2,761.758485
DE2,762.736000
DL2,762.736332
DW2,762.736558
RE2,762.736721
AW4,762.887495
AL4,762.887748
DE4,766.746193
DL4,766.746519
DW4,766.747369
RE4,766.747522
AW1,766.872768
AL1,766.873023
CD0,766.873772
DE1,770.603465
DL1,770.603800
DW1,770.604027
RE1,770.604174
CA4,770.750600
AW1,770.751200
DW1,770.874363
AW2,770.874858
AL2,770.875309
DE2,773.235579
DL2,773.236314
DW2,773.236797
RE2,773.237191
AW6,773.365376
AL6,773.365584
DE5,777.026734
DE6,778.446249
DL6,778.446623
DW6,778.446856
RE6,778.446975
AW1,778.578405
RE1,778.578586
AL1,778.579003
DE5,781.131656
DE1,782.271579
DL1,782.272148
DW1,782.272504
RE1,782.272751
CA1,782.422231
AW1,782.422632
AW2,782.426122
AL2,782.426309
DW1,782.570542
DE1,782.571276
DE2,785.351103
DL2,785.351833
DW2,785.352324
RE2,785.352713
AW3,785.486070
AL3,785.486577
DE3,789.737811
DL3,789.738204
DW3,789.738793
RE3,789.738911
AW1,789.869882
RE1,789.870400
AL1,789.870868
CD0,789.871630
DE1,810.190199
DL1,810.190929
DW1,810.191422
RE1,810.191812
CA1,810.334822
AW1,810.335274
DW1,810.521208
AW2,810.521453
AL2,810.521629
DE1,810.522369
DE2,819.358246
DL2,819.358584
DW2,819.358794
RE2,819.358933
AW4,819.488443
AL4,819.488626
DE4,822.251998
DL4,822.252715
DW4,822.253257
RE4,822.253640
AW1,822.379114
AL1,822.379350
CD0,822.380171
DE1,827.565059
DL1,827.565413
DW1,827.565582
RE1,827.565698
CA4,827.698276
AW1,827.698508
DW1,827.819055
AW2,827.819266
AL2,827.819418
DE2,830.281782
DL2,830.282085
DW2,830.282251
RE2,830.282352
AW5,830.412441
AL5,830.412637
DE5,833.686292
DL5,833.687061
DW5,833.687561
RE5,833.687955
AW1,833.832681
RE1,833.832812
AL1,833.832959
CD0,833.833701
DE5,837.667315
DE1,838.870793
DL1,838.871533
DW1,838.872034
RE1,838.872423
CA4,839.014870
AW1,839.015968
DW1,839.218150
AW2,839.218338
AL2,839.218485
DE1,839.219194
DE2,841.841391
DL2,841.842147
DW2,841.842637
RE2,841.843028
AW5,841.985984
AL5,841.986504
DE3,845.930658
DL5,846.059919
DW5,846.060538
CD0,846.061246
DE1,853.018570
AW1,856.056660
AL1,856.056881
CD0,856.057639
DE1,856.550405
DL1,856.551136
DW1,856.551629
RE1,856.552028
CA1,856.668205
AW1,856.669311
DW1,858.427124
AW2,858.427390
AL2,858.427588
DE2,860.710362
DL2,860.710707
DW2,860.710915
RE2,860.711079
AW4,860.841819
AL4,860.842020
DE5,864.864130
DL4,864.994904
DW4,864.995116
CD0,864.995819
DE5,868.844953
DE1,869.357006
DE1,873.453066
AW1,874.998262
AL1,874.998525
CD0,874.999327
DE1,875.959056
DL1,875.959398
DW1,875.959553
RE1,875.959646
CA4,876.089855
AW1,876.090501
DW1,876.212131
AL2,876.212672
AW2,877.384720
DE1,877.986109
DE2,880.052649
DL2,880.053004
DW2,880.053224
RE2,880.053366
AW6,880.183910
AL6,880.184098
DE3,883.984016
DL6,884.114520
DW6,884.114749
CD0,884.115491
DE1,887.617735
DE1,892.401214
AW1,894.198297
AL1,894.198504
CD0,894.199246
DE1,894.217362
DL1,894.217740
DW1,894.217909
RE1,894.218007
CA1,894.330264
AW1,894.330642
DE1,895.703466
DW1,895.703750
RE1,895.703859
DE2,898.775228
AW4,898.916673
AL4,898.916939
DE4,901.287242
DL4,901.287578
DW4,901.287803
RE4,901.287951
AW1,901.412977
AL1,901.413218
CD0,901.413952
DE1,905.816660
DL1,905.816989
DW1,905.817209
RE1,905.817352
CA1,905.946427
AW1,905.946901
DW1,906.069249
AW2,906.069504
AL2,906.069697
DE2,908.484240
DL2,908.484508
DW2,908.484666
RE2,908.484767
AW3,908.615817
AL3,908.616012
DE6,912.800300
DL3,912.936624
DW3,912.936841
CD0,912.937526
DE1,916.713624
DE1,920.721489
AW1,922.930922
AL1,922.931143
CD0,922.931883
DE1,923.221229
DL1,923.221498
DW1,923.221663
RE1,923.221762
CA4,923.351285
AW1,923.351698
DW1,923.472551
AW2,924.280498
AL2,924.280691
DE2,925.841639
DL2,925.841944
DW2,925.842119
RE2,925.842220
AW5,925.972662
AL5,925.972873
DE3,930.262836
DL5,930.393462
DW5,930.393796
CD0,930.394487
DE1,934.482298
DE1,938.481573
AW1,940.396136
AL1,940.396332
CD0,940.397062
DE1,940.701643
DL1,940.701932
DW1,940.702534
RE1,940.702778
CA4,940.819740
AW1,940.820251
DE1,942.410851
DW1,942.411128
RE1,942.411234
AW2,944.756088
AL2,944.756273
DE2,945.224287
DL2,945.225021
DW2,945.225514
RE2,945.225905
AW6,945.358413
AL6,945.358920
DE5,949.156135
DE6,951.281001
DL6,951.281572
DW6,951.281921
RE6,951.282166
AW1,951.430526
AL1,951.430881
CD0,951.431628
DE5,953.264863
DE1,955.060984
DL1,955.061542
DW1,955.061887
RE1,955.062126
CA4,955.179683
AW1,955.180138
DE1,956.721606
DW1,956.721884
RE1,956.721989
DE2,959.618399
AW5,959.748844
AL5,959.749053
DE3,961.737501
DL5,961.866089
DW5,961.866331
CD0,961.867067
DE1,965.647761
DE1,969.696723
AW1,971.866198
AL1,971.866401
CD0,971.867161
DE1,972.667857
DL1,972.668205
DW1,972.668453
RE1,972.668595
CA1,972.798149
AW1,972.798554
DW1,972.920826
AW2,972.921023
AL2,972.921175
DE1,974.292720
DE2,976.386823
DL2,976.387098
DW2,976.387265
RE2,976.387367
AW3,976.517564
AL3,976.517781
DE3,980.539216
DL3,980.539547
DW3,980.539741
RE3,980.539845
AW1,980.667618
AL1,980.667835
CD0,980.668782
DE3,984.522911
DE1,986.643729
DL1,986.644006
DW1,986.644188
RE1,986.644293
CA1,986.775296
AW1,986.775708
DW1,986.897463
AW2,986.897665
AL2,986.897816
DE1,988.190279
DE2,990.129501
DL2,990.129757
DW2,990.129912
RE2,990.130079
AW3,990.260325
AL3,990.260529
DE3,994.202120
DL3,994.202469
DW3,994.202648
RE3,994.202747
AW1,994.329206
AL1,994.329392
CD0,994.330208
DE1,997.748009
DL1,997.748276
DW1,997.748439
RE1,997.748540
CA1,997.860825
AW1,997.861251
DE1,999.189811
DW1,999.190166
RE1,999.190277
AW2,1000.752713
AL2,1000.752900
DE2,1002.400810
DL2,1002.401629
DW2,1002.402131
RE2,1002.402545
AW3,1002.545671
AL3,1002.659046
DE1,1011.818837
DE1,1015.936794
DE1,1020.298969
DE1,1024.374611
DE1,1028.502878
DE2,1030.726545
DE3,1032.741531
DL3,1032.742327
DW3,1032.742859
RE3,1032.743243
AW1,1032.892623
AL1,1032.892846
CD0,1032.893602
DE1,1037.024831
DL1,1037.025131
DW1,1037.025302
RE1,1037.025405
CA4,1037.156613
AW1,1037.157234
DW1,1037.279302
AW2,1037.279538
AL2,1037.279732
DE1,1038.332016
DE2,1040.030612
DL2,1040.031351
DW2,1040.031827
RE2,1040.032217
AW5,1040.165942
AL5,1040.166443
DE5,1043.896251
DL5,1043.896579
DW5,1043.896743
RE5,1043.896847
AW1,1044.027991
RE1,1044.028296
CD0,1044.030401
AL1,1044.146669
DE5,1047.882343
DE1,1048.813699
DL1,1048.813983
DW1,1048.814167
RE1,1048.814287
CA1,1049.034643
AW1,1049.035051
DE1,1049.039579
DW1,1049.040055
RE1,1049.040180
AW2,1049.155420
AL2,1049.155613
DE1,1053.257798
DE2,1054.494543
DL2,1054.494798
DW2,1054.494955
RE2,1054.495061
AW3,1054.626208
AL3,1054.626476
DE3,1058.317415
DL3,1058.317845
DW3,1058.318074
RE3,1058.318216
AW1,1058.444108
RE1,1058.444550
AL1,1058.445005
CD0,1058.445749
DE1,1062.297492
DL1,1062.298554
DW1,1062.299284
RE1,1062.299698
CA1,1062.451370
AW1,1062.451792
DW1,1062.568764
AW2,1062.568946
AL2,1062.569105
DE1,1062.773714
DE2,1066.131814
DL2,1066.132152
DW2,1066.132411
RE2,1066.132577
AW4,1066.262855
AL4,1066.263031
DE4,1070.254352
DL4,1070.254741
DW4,1070.254964
RE4,1070.255068
AW1,1070.380579
AL1,1070.380815
CD0,1070.381556
DE1,1074.143184
DL1,1074.143472
DW1,1074.143692
RE1,1074.143820
CA4,1074.274582
AW1,1074.275031
DW1,1074.394896
AL2,1074.395088
DE1,1074.747292
AW2,1075.578283
DE2,1077.592937
DL2,1077.593248
DW2,1077.593426
RE2,1077.593526
AW6,1077.723628
AL6,1077.723835
DE3,1082.338323
DL6,1082.467997
DW6,1082.468325
CD0,1082.469035
DE1,1089.923570
AW1,1092.547413
AL1,1092.547705
CD0,1092.548467
DE1,1092.567068
DL1,1092.567499
DW1,1092.567720
RE1,1092.567878
CA1,1092.694024
AW1,1092.694433
DW1,1092.912858
AW2,1092.913069
AL2,1092.913234
DE1,1092.913980
DE2,1095.831684
DL2,1095.831985
DW2,1095.832192
RE2,1095.832295
AW4,1095.956415
AL4,1095.956628
DE4,1100.038038
DL4,1100.038398
DW4,1100.038615
RE4,1100.038741
AW1,1100.163581
AL1,1100.163800
CD0,1100.164548
DE1,1104.063915
DL1,1104.064256
DW1,1104.064475
RE1,1104.064620
CA4,1104.188213
AW1,1104.188790
DW1,1104.392400
AW2,1104.392638
DE1,1104.393343
AL2,1105.564228
DE2,1107.144273
DL2,1107.144601
DW2,1107.144812
RE2,1107.144954
AW6,1107.270775
AL6,1107.271318
DE3,1112.368677
DL6,1112.496029
DW6,1112.496578
CD0,1112.497288
DE1,1115.566720
DE1,1119.562705
AW1,1122.492298
AL1,1122.492810
CD0,1122.493609
DE1,1122.748669
DL1,1122.749441
DW1,1122.749919
RE1,1122.750437
CA1,1122.897442
AW1,1122.898649
DW1,1123.030416
AW2,1123.030615
AL2,1123.030769
DE1,1124.544365
DE2,1125.811522
DL2,1125.811775
DW2,1125.811932
RE2,1125.812033
AW4,1125.943163
AL4,1125.943377
DE4,1129.741011
DL4,1129.741771
DW4,1129.742262
RE4,1129.742659
AW1,1129.868782
AL1,1129.869293
CD0,1129.870181
DE1,1134.012728
DL1,1134.013463
DW1,1134.013963
RE1,1134.014350
CA1,1134.144577
AW1,1134.144953
DW1,1134.265187
AW2,1134.265384
AL2,1134.265533
DE1,1134.648417
DE2,1137.291140
DL2,1137.291406
DW2,1137.291562
RE2,1137.291662
AW3,1137.421533
AL3,1137.421737
DE3,1141.720632
DL3,1141.720941
DW3,1141.721123
RE3,1141.721228
AW1,1141.848531
AL1,1141.848729
CD0,1141.849494
DE1,1145.975708
DL1,1145.975992
DW1,1145.976160
RE1,1145.976265
CA4,1146.100871
AW1,1146.101297
DE1,1146.351261
DW1,1146.351558
RE1,1146.351667
AW2,1147.522472
AL2,1147.522691
DE2,1149.388030
DL2,1149.388303
DW2,1149.388465
RE2,1149.388584
AW5,1149.519049
AL5,1149.519248
DE5,1152.528151
DL5,1152.528581
DW5,1152.528816
RE5,1152.528955
AW1,1152.654638
RE1,1152.654766
AL1,1152.654931
CD0,1152.655727
DE5,1156.504463
DE1,1157.273959
DL1,1157.274721
DW1,1157.275206
RE1,1157.275641
CA4,1157.416340
AW1,1157.416790
DW1,1157.605670
AW2,1157.605927
AL2,1157.606123
DE1,1157.607040
DE2,1163.078264
DL2,1163.078583
DW2,1163.078785
RE2,1163.078924
AW6,1163.210218
AL6,1163.210423
DE3,1166.945719
DL6,1167.079713
DW6,1167.079991
DE1,1170.638745
DE1,1174.958711
AW1,1177.072632
AL1,1177.072863
CD0,1177.073615
DE1,1177.730702
DL1,1177.730985
DW1,1177.731159
RE1,1177.731260
CA1,1177.862092
AW1,1177.862464
DW1,1177.983473
AW2,1177.983684
AL2,1177.983834
DE1,1179.015043
DE2,1181.146791
DL2,1181.147069
DW2,1181.147243
RE2,1181.147341
AW4,1181.415689
AL4,1181.415877
DE5,1186.178286
DL4,1186.309027
DW4,1186.309236
CD0,1186.310058
DE1,1189.853872
DE1,1193.934741
AW1,1196.309337
AL1,1196.309550
CD0,1196.310378
DE1,1196.791280
DL1,1196.791622
DW1,1196.791942
RE1,1196.792102
CA4,1196.923323
AW1,1197.044916
AL2,1197.045181
DW1,1198.399310
DE1,1198.401815
AW2,1198.544058
DE2,1199.687695
DL2,1199.688488
DW2,1199.688971
RE2,1199.689390
AW6,1199.813770
AL6,1199.813956
DE3,1203.808838
DL6,1203.950302
DW6,1203.950629
CD0,1203.951329
DE1,1206.796564
DE1,1210.788039
AW1,1213.941502
AL1,1213.942000
CD0,1213.942796
DE1,1214.279676
DL1,1214.280536
DW1,1214.281071
RE1,1214.281507
CA4,1214.414892
AW1,1214.416070
DW1,1214.538713
AW2,1214.538898
AL2,1214.539048
DE1,1215.710407
DE2,1217.264811
DL2,1217.265181
DW2,1217.265391
RE2,1217.265531
AW5,1217.396600
AL5,1217.396850
DE5,1223.646967
DL5,1223.647369
DW5,1223.647602
RE5,1223.647745
AW1,1223.772096
AL1,1223.772347
CD0,1223.773102
DE5,1227.639622
DE1,1228.859828
DL1,1228.860190
DW1,1228.860406
RE1,1228.860523
CA4,1228.991649
AW1,1228.992127
AL2,1229.112264
DE1,1229.561107
DW1,1229.561352
RE1,1229.561456
AW2,1230.356712
DE2,1234.256166
DL2,1234.256499
DW2,1234.256666
RE2,1234.256768
AW5,1234.391110
AL5,1234.391348
DE5,1238.027924
DL5,1238.028343
DW5,1238.028620
RE5,1238.028720
AW1,1238.156960
AL1,1238.157229
CD0,1238.157989
DE1,1245.376805
DL1,1245.377153
DW1,1245.377307
RE1,1245.377403
CA4,1245.507749
AW1,1245.508202
DW1,1245.730609
AL2,1245.730866
DE1,1245.733660
AW2,1245.845660
DE2,1248.470933
DL2,1248.471328
DW2,1248.471541
RE2,1248.471690
AL6,1248.601669
AW6,1248.721978
DE3,1259.067941
DL6,1259.199437
DW6,1259.199644
CD0,1259.200511
DE1,1261.933042
DE1,1265.934204
AW1,1269.195146
AL1,1269.195383
CD0,1269.196179
DE5,1269.419349
DE1,1269.561787
DL1,1269.562501
DW1,1269.562979
RE1,1269.563359
CA4,1269.693089
AW1,1269.693517
DW1,1269.814837
AL2,1269.815028
AW2,1270.985436
DE1,1271.250767
DE2,1272.486610
DL2,1272.486957
DW2,1272.487175
RE2,1272.487316
AW6,1272.632246
AL6,1272.632455
DE5,1273.602715
DE6,1276.650259
DL6,1276.650621
DW6,1276.650856
RE6,1276.650998
AW1,1276.778410
AL1,1276.778761
CD0,1276.779576
DE5,1278.960637
DE1,1280.724883
DL1,1280.725214
DW1,1280.725441
RE1,1280.725594
CA4,1280.872673
AW1,1280.873086
DW1,1280.993975
AW2,1280.994163
AL2,1280.994315
DE1,1281.714351
DE2,1283.683329
DL2,1283.683596
DW2,1283.683780
RE2,1283.683885
AW5,1283.814171
AL5,1283.814389
DE5,1287.328122
DL5,1287.328385
DW5,1287.328550
RE5,1287.328691
AW1,1287.455798
AL1,1287.456022
CD0,1287.456774
DE5,1291.311135
DE1,1291.523171
DL1,1291.523534
DW1,1291.523702
RE1,1291.523807
CA1,1291.672169
AW1,1291.672619
DW1,1291.792339
AW2,1291.792567
AL2,1291.792726
DE1,1293.072211
DE2,1295.186199
DL2,1295.186498
DW2,1295.186667
RE2,1295.186770
AW3,1295.318112
AL3,1295.318389
DE3,1300.454780
DL3,1300.455626
DW3,1300.456228
RE3,1300.456691
AW1,1300.582717
RE1,1300.582846
AL1,1300.582994
CD0,1300.583816
DE1,1304.435527
DL1,1304.436324
DW1,1304.436811
RE1,1304.437238
CA1,1304.571235
AW1,1304.572403
DW1,1304.767557
AW2,1304.768080
AL2,1304.768560
DE1,1304.769299
DE2,1308.179451
DL2,1308.180325
DW2,1308.180822
RE2,1308.181206
AW4,1308.315540
AL4,1308.316056
DE6,1314.638628
DL4,1314.778458
DW4,1314.778965
CD0,1314.779680
DE1,1320.988719
AW1,1324.776753
AL1,1324.776952
CD0,1324.777684
DE1,1325.059420
DL1,1325.059877
DW1,1325.060193
RE1,1325.060297
CA1,1325.190392
AW1,1325.190817
DW1,1325.313075
AW2,1325.313271
AL2,1325.313422
DE1,1326.339901
DE2,1327.736045
DL2,1327.736319
DW2,1327.736541
RE2,1327.736684
AW3,1327.867387
AL3,1327.867644
DE3,1331.510063
DL3,1331.510323
DW3,1331.510479
RE3,1331.510578
AW1,1331.642291
AL1,1331.642837
CD0,1331.643594
DE1,1335.748084
DL1,1335.748812
DW1,1335.749305
RE1,1335.749696
CA1,1335.882581
AW1,1335.883716
DW1,1336.002573
AW2,1336.003079
AL2,1336.003525
DE1,1336.607851
DE2,1339.330838
DL2,1339.331633
DW2,1339.332149
RE2,1339.332547
AW3,1339.465976
AL3,1339.466531
DE6,1343.835350
DL3,1343.964204
DW3,1343.964415
CD0,1343.965103
DE1,1349.512520
DE1,1353.569078
AW1,1353.974682
AL1,1353.975058
CD0,1353.975804
DE1,1354.306334
DL1,1354.306707
DW1,1354.306894
RE1,1354.306995
CA1,1354.438217
AW1,1354.438844
DW1,1354.560595
AW2,1354.560845
AL2,1354.561041
DE1,1355.423915
DE2,1357.112771
DL2,1357.113173
DW2,1357.113475
RE2,1357.113625
AW4,1357.243537
AL4,1357.243787
DE4,1361.220566
DL4,1361.220990
DW4,1361.221238
RE4,1361.221382
AW1,1361.347579
AL1,1361.347845
CD0,1361.348601
DE1,1367.409677
DL1,1367.410141
DW1,1367.410404
RE1,1367.410546
CA1,1367.540495
AW1,1367.541055
DW1,1367.824879
AW2,1367.825135
AL2,1367.825334
DE1,1367.826073
DE2,1370.205988
DL2,1370.206336
DW2,1370.206553
RE2,1370.206702
AW4,1370.457306
AL4,1370.457531
DE4,1373.850539
DL4,1373.850908
DW4,1373.851097
RE4,1373.851201
AW1,1373.975074
AL1,1373.975312
CD0,1373.976056
DE1,1378.243176
DL1,1378.243529
DW1,1378.243848
RE1,1378.243990
CA4,1378.355618
DE2,1381.822753
AW6,1381.954378
AL6,1381.954637
DE6,1383.747305
DL6,1383.748113
DW6,1383.748604
RE6,1383.749001
AW1,1383.873086
RE1,1383.873243
AL1,1383.873413
CD0,1383.874159
DE1,1386.812873
DL1,1386.813218
DW1,1386.813393
RE1,1386.813492
CA4,1386.943489
AW1,1386.943864
DE1,1387.385069
DW1,1387.385349
RE1,1387.385458
AW2,1388.264028
AL2,1388.264254
DE2,1390.261951
DL2,1390.262259
DW2,1390.262421
RE2,1390.262521
AW5,1390.393314
AL5,1390.393515
DE5,1394.099658
DL5,1394.100081
DW5,1394.100276
RE5,1394.100379
AW1,1394.227075
AL1,1394.227269
CD0,1394.228001
DE5,1398.132511
DE1,1398.150233
DL1,1398.150515
DW1,1398.150678
RE1,1398.150779
CA4,1398.262888
AW1,1398.263308
DW1,1398.681807
DE1,1399.305806
AW2,1399.915426
AL2,1399.915639
DE2,1401.172317
DL2,1401.172589
DW2,1401.172750
RE2,1401.172850
AW6,1401.303178
AL6,1401.303362
DE3,1405.504123
DL6,1405.634551
DW6,1405.634766
CD0,1405.635502
DE1,1410.145708
DE1,1414.155645
AW1,1415.632125
AL1,1415.632576
CD0,1415.633347
DE1,1416.110665
DL1,1416.110980
DW1,1416.111584
RE1,1416.111832
CA4,1416.242408
AW1,1416.243010
AL2,1416.441892
DE1,1416.442690
DW1,1416.442964
RE1,1416.443111
AW2,1417.612744
DE2,1419.768722
DL2,1419.769069
DW2,1419.769285
RE2,1419.769430
AW5,1419.899582
AL5,1419.899776
DE5,1423.671814
DL5,1423.672226
DW5,1423.672467
RE5,1423.672613
AW1,1423.820001
AL1,1423.820294
CD0,1423.821041
DE5,1427.707962
DE1,1432.182214
DL1,1432.182558
DW1,1432.182776
RE1,1432.182919
CA1,1432.295351
AW1,1432.295897
DE1,1433.516084
DW1,1433.516361
RE1,1433.516468
AW2,1434.375215
AL2,1434.375422
DE2,1436.654137
DL2,1436.654412
DW2,1436.654573
RE2,1436.654673
AW4,1436.784902
AL4,1436.785114
DE4,1441.488147
DL4,1441.488508
DW4,1441.488678
RE4,1441.488777
AW1,1441.621015
AL1,1441.621281
RE1,1441.621430
CD0,1441.622352
DE1,1445.838952
DL1,1445.839288
DW1,1445.839466
RE1,1445.839566
CA1,1446.059469
AW1,1446.059856
DE1,1446.063805
DW1,1446.063998
RE1,1446.064099
AW2,1446.177177
AL2,1446.177366
DE2,1450.340219
DL2,1450.340492
DW2,1450.340655
RE2,1450.340761
AW4,1450.470744
AL4,1450.470956
DE4,1454.612426
DL4,1454.612770
DW4,1454.612961
RE4,1454.613063
AW1,1454.752951
AL1,1454.753159
CD0,1454.753892
DE1,1459.500864
DL1,1459.501205
DW1,1459.501387
RE1,1459.501487
CA4,1459.634897
AW1,1459.635130
DW1,1459.754468
AW2,1459.754693
AL2,1459.754847
DE1,1460.106088
DE2,1463.196625
DL2,1463.196903
DW2,1463.197067
RE2,1463.197167
AW5,1463.327913
AL5,1463.328113
DE5,1467.032116
DL5,1467.032474
DW5,1467.032652
RE5,1467.032753
AW1,1467.157315
RE1,1467.157467
AL1,1467.157634
CD0,1467.158385
DE5,1471.011715
DE1,1473.428803
DL1,1473.429091
DW1,1473.429273
RE1,1473.429376
CA1,1473.559639
AW1,1473.560186
DW1,1473.681162
AW2,1473.681429
AL2,1473.681632
DE1,1473.889247
DE2,1477.181523
DL2,1477.181794
DW2,1477.181953
RE2,1477.182056
AW4,1477.312489
AL4,1477.312693
DE4,1481.229383
DL4,1481.229753
DW4,1481.230022
RE4,1481.230143
AW1,1481.356569
RE1,1481.356719
AL1,1481.356880
CD0,1481.357635
DE1,1486.006480
DL1,1486.006852
DW1,1486.007044
RE1,1486.007144
CA4,1486.138312
AW1,1486.138766
DW1,1486.322519
AW2,1486.322756
AL2,1486.322916
DE1,1486.323869
DE2,1489.568935
DL2,1489.569260
DW2,1489.569524
RE2,1489.569647
AW6,1489.699252
AL6,1489.699457
DE6,1493.355162
DL6,1493.355533
DW6,1493.355711
RE6,1493.355814
AW1,1493.480208
RE1,1493.480418
AL1,1493.480632
CD0,1493.481395
DE1,1497.106896
DL1,1497.107341
DW1,1497.107586
RE1,1497.107732
CA4,1497.238344
AW2,1497.358967
AL2,1498.530905
DE2,1501.092931
DL2,1501.093246
DW2,1501.093503
RE2,1501.093646
AW6,1501.223664
AL6,1501.223923
DE3,1505.921255
DL6,1506.048658
DW6,1506.048862
CD0,1506.049547
DE1,1512.687833
AW1,1516.045050
AL1,1516.045298
CD0,1516.046045
DE1,1516.334563
DL1,1516.334914
DW1,1516.335083
RE1,1516.335184
CA1,1516.570166
AW1,1516.570608
DE1,1516.574350
DW1,1516.574558
RE1,1516.574661
AW2,1516.687349
AL2,1516.687580
DE2,1519.854307
DL2,1519.854632
DW2,1519.854801
RE2,1519.854900
AW4,1519.984948
AL4,1519.985154
DE5,1525.030155
DL4,1525.163414
DW4,1525.163626
CD0,1525.164314
DE1,1528.726777
DE1,1532.739647
AW1,1535.156941
AL1,1535.157160
CD0,1535.157907
DE1,1535.428735
DL1,1535.429024
DW1,1535.429193
RE1,1535.429295
CA1,1535.559502
AW1,1535.559877
DW1,1535.681134
AW2,1535.681333
AL2,1535.681482
DE1,1536.415672
DE5,1539.792073
DE2,1539.987348
DL2,1539.987619
DW2,1539.987780
RE2,1539.987894
AW3,1540.117857
AL3,1540.118108
DE5,1543.885870
DL3,1544.110724
DW3,1544.110918
CD0,1544.111602
DE3,1544.112305
DE1,1547.615634
DE5,1548.976225
DE1,1551.612029
DE5,1552.988111
AW1,1554.078157
AL1,1554.078380
CD0,1554.079121
DE1,1554.097335
DL1,1554.097722
DW1,1554.097891
RE1,1554.097991
CA1,1554.228520
AW1,1554.228949
DW1,1554.350587
AW2,1554.350795
AL2,1554.350944
DE2,1557.642638
DL2,1557.642928
DW2,1557.643090
RE2,1557.643189
AW4,1557.831769
AL4,1557.831977
DE5,1557.847814
DL4,1557.976917
DW4,1557.977252
CD0,1557.977936
DE6,1566.136757
AW1,1567.974582
AL1,1567.974799
CD0,1567.975539
DE1,1570.551248
DL1,1570.551518
DW1,1570.551686
RE1,1570.551789
CA4,1570.682691
AW1,1570.683111
DW1,1570.803453
AL2,1570.803663
DE1,1570.948229
AW2,1571.465736
DE5,1573.005262
DE2,1575.312392
DL2,1575.312669
DW2,1575.312835
RE2,1575.312937
AW6,1575.444616
AL6,1575.444830
DE5,1577.198359
DE3,1580.716922
DL6,1580.848490
DW6,1580.848806
CD0,1580.849510
DE1,1584.475200
DE1,1588.466182
AW1,1590.858353
AL1,1590.858562
CD0,1590.859294
DE1,1591.059845
DL1,1591.060224
DW1,1591.060401
RE1,1591.060501
CA4,1591.190808
AW1,1591.191275
DW1,1591.311848
AW2,1591.936422
AL2,1591.936650
DE1,1592.405186
DE2,1594.081672
DL2,1594.081939
DW2,1594.082099
RE2,1594.082200
AW5,1594.212554
AL5,1594.212755
DE5,1598.204763
DL5,1598.205117
DW5,1598.205304
RE5,1598.205407
AW1,1598.337669
AL1,1598.337873
DE6,1602.300467
DE1,1607.896477
DL1,1607.896764
DW1,1607.896928
RE1,1607.897032
CA1,1608.027602
AL2,1608.027986
AW2,1608.148175
DE2,1611.059853
DL2,1611.060218
DW2,1611.060459
RE2,1611.060610
AW4,1611.191563
AL4,1611.191833
DE4,1614.883858
DL4,1614.884235
DW4,1614.884415
RE4,1614.884518
AW1,1615.010481
RE1,1615.010675
AL1,1615.010917
CD0,1615.011685
