DW1,6.741283
DW2,6.741424
DW3,6.741551
DW4,6.741659
DW5,6.741783
DW6,6.741892
CD0,6.742005
AW1,6.967029
CD0,6.967126
DE5,8.173938
RE1,8.451202
DE1,12.920777
DW1,12.920895
RE1,12.920968
CA1,13.125175
DW1,13.125229
AW2,13.125266
DE2,16.795116
DW2,16.795236
RE2,16.795368
DW2,16.999401
AW3,16.999471
DE3,19.881990
DW3,19.882113
RE3,19.882188
DW3,20.086403
AW1,20.086468
CD0,20.086507
DE2,24.100531
DE1,25.963616
DW1,25.964192
RE1,25.964617
CA4,26.169198
DW1,26.169407
AW2,26.169581
DE2,29.035488
DW2,29.035694
RE2,29.035817
DW2,29.239892
AW5,29.239946
DE5,30.942316
DW5,30.942466
RE5,30.942544
RE1,31.147974
DW5,31.148034
AW1,31.148074
CD0,31.148109
DE6,35.963672
DE1,42.300894
DW1,42.301000
RE1,42.301068
CA1,42.509471
DW1,42.509637
AW2,42.509794
DE2,49.386441
DW2,49.386610
RE2,49.386742
DW2,49.590722
AW4,49.590826
DE4,52.348333
DW4,52.348496
RE4,52.348626
RE1,52.554216
DW4,52.554431
AW1,52.554609
CD0,52.554786
DE1,58.631173
DW1,58.631343
RE1,58.631499
CA1,58.839668
DW1,58.839808
AW2,58.839948
DE2,62.107611
DW2,62.107723
RE2,62.107798
DW2,62.315336
AW3,62.315445
DE5,70.995449
DE6,73.417080
DE2,77.234101
DE1,78.640535
AW1,81.118278
CD0,81.118719
CA1,82.200114
CD0,82.200171
DE1,82.454193
DW1,82.454264
RE1,82.454303
CA1,82.658940
DW1,82.659060
AW2,82.659135
DE2,84.955708
DW2,84.955828
RE2,84.955905
DW2,85.163376
AW3,85.163482
DE3,87.827208
DW3,87.827313
RE3,87.827380
DW3,88.031750
AW1,88.031866
CD0,88.031927
DE1,101.436755
DW1,101.436859
RE1,101.436926
CA4,101.641564
DW1,101.641782
AW2,101.641971
DE2,105.148875
DW2,105.148983
RE2,105.149052
DW2,105.353137
AW5,105.353192
DE5,107.872259
DW5,107.872441
RE5,107.872575
RE1,108.083517
DW5,108.083907
AW1,108.084311
CD0,108.084664
DE1,113.959420
DW1,113.959584
RE1,113.959697
CA4,114.168295
DW1,114.168401
AW2,114.168475
DE2,116.631676
DW2,116.631850
RE2,116.631926
DW2,116.840036
AW5,116.840162
DE5,119.102906
DW5,119.103026
RE5,119.103102
DW1,119.307098
DE6,123.017140
DE1,126.281438
CA1,126.490015
DW1,126.490399
AW2,126.490752
DE2,130.759648
DW2,130.759755
RE2,130.759823
DW2,130.967635
AW4,130.968101
DE4,133.832965
DW4,133.833070
RE4,133.833138
RE1,134.043595
DW4,134.043991
AW1,134.044342
CD0,134.044693
DE1,138.112348
DW1,138.112468
RE1,138.112543
CA1,138.320793
DW1,138.320903
AW2,138.320979
DE2,140.783512
DW2,140.783634
RE2,140.783713
DW2,140.987667
AW4,140.987760
DE4,143.873226
DW4,143.873324
RE4,143.873390
DW4,144.082047
AW1,144.082188
CD0,144.082302
DE1,149.955995
DW1,149.956169
RE1,149.956296
CA4,150.164852
DW1,150.164998
AW2,150.165112
DE2,153.106299
DW2,153.106397
RE2,153.106465
DW2,153.311164
AW6,153.311585
DE5,155.722481
DE6,159.427769
DW6,159.427981
RE6,159.428051
RE1,159.633621
DW6,159.633835
AW1,159.634012
CD0,159.634198
DE1,162.699057
DW1,162.699162
RE1,162.699230
CA1,162.903844
DW1,162.903927
AW2,162.903984
DE2,165.618459
DW2,165.618566
RE2,165.618633
DW2,165.826035
AW3,165.826228
DE2,169.638606
DE3,171.301513
DW3,171.301687
RE3,171.301846
RE1,171.507211
DW3,171.507409
AW1,171.507587
CD0,171.507763
DE1,176.582452
DW1,176.582559
RE1,176.582628
CA4,176.791175
DW1,176.791323
AW2,176.791474
DE2,179.270179
DW2,179.270286
RE2,179.270353
DW2,179.477901
AW5,179.478055
DE5,181.605244
DW5,181.605349
RE5,181.605416
RE1,181.810861
DW5,181.811072
AW1,181.811253
CD0,181.811431
DE5,185.855920
DE1,188.791447
DW1,188.791616
RE1,188.791766
CA4,189.000820
DW1,189.001255
AW2,189.001669
DE2,191.464753
DW2,191.464859
RE2,191.464931
DW2,191.673186
AW5,191.673638
DE5,193.767272
DW5,193.767492
RE5,193.767621
DW5,193.975872
AW1,193.976022
CD0,193.976154
DE1,198.150313
DW1,198.150430
RE1,198.150504
CA4,198.358765
DW1,198.358875
AW2,198.358950
DE2,207.038464
DW2,207.038700
RE2,207.038822
DW2,207.242761
AW6,207.242847
DE3,210.136014
DW6,210.340678
CD0,210.340856
AW1,220.259346
CD0,220.259458
DE1,220.569248
DW1,220.569417
RE1,220.569531
CA4,220.778173
DW1,220.778570
AW2,220.778927
DE2,223.531127
DW2,223.531283
RE2,223.531395
DW2,223.738955
AW6,223.739091
DE6,226.473795
DW6,226.473993
RE6,226.474110
DW6,226.682422
AW1,226.682575
CD0,226.682957
DE2,230.294709
DE1,230.954231
DW1,230.954520
RE1,230.954640
CA4,231.162879
DW1,231.163098
AW2,231.163217
DE2,233.024318
DW2,233.024480
RE2,233.024599
DW2,233.232161
AW5,233.232358
DE5,235.499569
DW5,235.499735
RE5,235.499870
DW5,235.708127
AW1,235.708276
CD0,235.708409
DE1,241.259435
DW1,241.259539
RE1,241.259606
CA1,241.468422
DW1,241.468588
AW2,241.468700
DE2,243.820344
DW2,243.820515
RE2,243.820686
DW2,244.024842
AW4,244.025052
DE4,245.887259
DW4,245.887427
RE4,245.887941
RE1,246.098387
DW4,246.098788
AW1,246.099143
CD0,246.099498
DE1,249.982719
DW1,249.982824
RE1,249.982892
CA4,250.191621
DW1,250.192023
AW2,250.192377
DE2,252.719520
DW2,252.719625
RE2,252.719692
DW2,252.923867
AW6,252.924067
DE6,256.078739
DW6,256.078850
RE6,256.078918
RE1,256.289303
DW6,256.289684
AW1,256.290037
CD0,256.290390
DE1,261.600149
DW1,261.600255
RE1,261.600323
CA4,261.808944
DW1,261.809062
AW2,261.809146
DE2,264.480068
DW2,264.480208
RE2,264.480283
DW2,264.684445
AW6,264.684590
DE5,267.092599
DE6,268.575552
DW6,268.575657
RE6,268.575725
DW6,268.784332
AW1,268.784733
CD0,268.785089
DE1,273.137189
DW1,273.137348
RE1,273.137459
CA4,273.345671
DW1,273.345817
AW2,273.345929
DE2,275.205176
DW2,275.205289
RE2,275.205363
DW2,275.412850
AW5,275.412961
DE5,278.076079
DW5,278.076306
RE5,278.076432
DW5,278.284670
AW1,278.284818
CD0,278.284930
DE1,283.956833
DW1,283.957012
RE1,283.957172
CA1,284.161493
DW1,284.161579
AW2,284.161656
DE2,289.056905
DW2,289.057057
RE2,289.057168
DW2,289.264718
AW4,289.264865
DE4,291.552100
DW4,291.552265
RE4,291.552399
RE1,291.762454
DW4,291.762641
AW1,291.762766
CD0,291.762877
DE1,295.537132
DW1,295.537404
RE1,295.537548
CA1,295.746198
DW1,295.746441
AW2,295.746583
DE2,298.008494
DW2,298.008601
RE2,298.008667
DW2,298.216509
AW3,298.216626
DE3,300.354174
DW3,300.354338
RE3,300.354460
DW3,300.562667
AW1,300.563088
CD0,300.563452
DE1,305.268106
DW1,305.268346
RE1,305.268482
CA1,305.476934
DW1,305.477130
AW2,305.477272
DE2,307.539595
DW2,307.540046
RE2,307.540405
DW2,307.748637
AW3,307.749087
DE3,310.412625
DW3,310.412762
RE3,310.412838
DW3,310.621710
AW1,310.621818
CD0,310.621892
DE1,314.291334
DW1,314.291440
RE1,314.291508
CA4,314.499865
DW1,314.500006
AW2,314.500119
DE2,316.387693
DW2,316.387952
RE2,316.388083
DW2,316.596051
AW5,316.596445
DE5,319.059884
DW5,319.059995
RE5,319.060069
RE1,319.270145
DW5,319.270254
AW1,319.270329
CD0,319.270401
DE1,323.987505
DW1,323.987669
RE1,323.987807
CA1,324.196377
DW1,324.196529
AW2,324.196648
DE2,327.477231
DW2,327.477405
RE2,327.477805
DW2,327.686234
AW4,327.686627
DE4,330.150911
DW4,330.151034
RE4,330.151111
RE1,330.356320
DW4,330.356375
AW1,330.356411
CD0,330.356446
DE1,334.307337
DW1,334.307408
RE1,334.307448
CA4,334.511925
DW1,334.511995
AW2,334.512034
DE2,336.974270
DW2,336.974391
RE2,336.974467
DW2,337.182262
AW6,337.182372
DE6,339.862707
DW6,339.862835
RE6,339.862913
RE1,340.068270
DW6,340.068334
AW1,340.068369
CD0,340.068405
DE1,343.799204
DW1,343.799346
RE1,343.799421
CA1,344.008014
DW1,344.008121
AW2,344.008194
DE2,346.672169
DW2,346.672321
RE2,346.672765
DW2,346.881175
AW3,346.881570
DE3,349.346269
DW3,349.346451
RE3,349.346583
RE1,349.557739
DW3,349.558257
AW1,349.558616
CD0,349.558969
DE1,353.320217
DW1,353.320372
RE1,353.320485
CA1,353.529242
DW1,353.529387
AW2,353.529501
DE2,355.992803
DW2,355.993023
RE2,355.993170
DW2,356.201439
AW3,356.201836
DE2,360.014987
DE3,361.676690
DW3,361.676847
RE3,361.676960
DW3,361.885701
AW1,361.885869
CD0,361.885983
DE1,365.845427
DW1,365.845531
RE1,365.845597
CA1,366.053877
DW1,366.054085
AW2,366.054204
DE2,367.915391
DW2,367.915498
RE2,367.915566
DW2,368.123106
AW4,368.123250
DE4,370.261064
DW4,370.261169
RE4,370.261236
DW4,370.469880
AW1,370.470032
CD0,370.470159
DE1,373.959149
DW1,373.959313
RE1,373.959432
CA4,374.163704
DW1,374.163816
AW2,374.163877
DE2,376.263221
DW2,376.263328
RE2,376.263396
DW2,376.471173
AW5,376.471373
DE5,380.760333
DW5,380.760452
RE5,380.760527
RE1,380.970511
DW5,380.970621
AW1,380.970695
CD0,380.970767
DE1,384.678032
DW1,384.678138
RE1,384.678204
CA4,384.887243
DW1,384.887368
AW2,384.887447
DE2,387.574304
DW2,387.574409
RE2,387.574478
DW2,387.778793
AW6,387.779003
DE6,390.103272
DW6,390.104101
RE6,390.104204
DW1,390.308437
DE1,395.978842
CA4,396.187669
DW1,396.187928
AW2,396.188056
DE2,399.766837
DW2,399.766944
RE2,399.767014
DW2,399.975323
AW6,399.975755
DE5,402.785396
DE6,404.296093
DW6,404.296196
RE6,404.296292
DW6,404.500955
AW1,404.501184
CD0,404.501364
DE1,407.967283
DW1,407.967386
RE1,407.967456
CA1,408.176698
DW1,408.177091
AW2,408.177529
DE2,409.882158
DW2,409.882265
RE2,409.882332
DW2,410.090262
AW3,410.090422
DE3,412.353946
DW3,412.354055
RE3,412.354123
RE1,412.564662
DW3,412.564849
AW1,412.564969
CD0,412.565118
DE1,416.505236
DW1,416.505334
RE1,416.505401
CA1,416.714021
DW1,416.714483
AW2,416.714846
DE2,419.289445
DW2,419.289543
RE2,419.289609
DW2,419.497746
AW4,419.498249
DE3,422.116105
DE4,424.378236
DW4,424.378394
RE4,424.378509
DW4,424.587011
AW1,424.587408
CD0,424.587762
DE1,428.507740
DW1,428.508005
RE1,428.508140
CA4,428.716697
DW1,428.716845
AW2,428.716959
DE2,430.979649
DW2,430.979756
RE2,430.979823
DW2,431.187586
AW5,431.187729
DE5,433.652031
DW5,433.652138
RE5,433.652206
RE1,433.858186
DW5,433.858330
DE1,439.729667
CA4,439.934248
DW1,439.934387
AW2,439.934497
DE2,444.253616
DW2,444.253751
RE2,444.253823
DW2,444.461948
AW5,444.462075
DE5,446.988380
DW5,446.988488
RE5,446.988561
DW5,447.197097
AW1,447.197232
CD0,447.197310
DE1,456.881559
DW1,456.881681
RE1,456.881750
CA4,457.090388
DW1,457.090507
AW2,457.090581
DE2,458.797148
DW2,458.797269
RE2,458.797343
DW2,459.001574
AW5,459.001656
DE5,461.485236
DW5,461.485371
RE5,461.485449
DW5,461.689911
AW1,461.689976
CD0,461.690014
DE1,465.215259
DW1,465.215404
RE1,465.215477
CA4,465.424077
DW1,465.424214
AW2,465.424291
DE2,467.286536
DW2,467.286658
RE2,467.286726
DW2,467.491061
AW5,467.491272
DE5,470.205509
DW5,470.205594
RE5,470.205629
DW5,470.410046
AW1,470.410108
CD0,470.410145
DE1,474.880229
DW1,474.880669
RE1,474.881044
CA4,475.090008
DW1,475.090404
AW2,475.090755
DE2,477.024092
DW2,477.024236
RE2,477.024311
DW2,477.232321
AW6,477.232431
DE6,479.695824
DW6,479.695956
RE6,479.696048
DW6,479.905058
AW1,479.905463
CD0,479.905816
DE1,483.778985
DW1,483.779092
RE1,483.779178
CA1,483.988062
DW1,483.988485
AW2,483.988840
DE2,486.050989
DW2,486.051095
RE2,486.051161
DW2,486.255446
AW4,486.255653
DE4,488.520185
DW4,488.520312
RE4,488.520390
RE1,488.730864
DW4,488.730971
AW1,488.731046
CD0,488.731117
DE1,492.689381
DW1,492.689479
RE1,492.689546
CA4,492.898219
DW1,492.898413
AW2,492.898535
DE2,495.762563
DW2,495.762686
RE2,495.762755
DW2,495.970642
AW6,495.970774
DE3,498.431759
DW6,498.636636
CD0,498.636742
DE1,506.261323
AW1,508.556909
CD0,508.557066
DE1,509.015483
DW1,509.015588
RE1,509.015657
CA4,509.220340
DW1,509.220557
AW2,509.220736
DE2,512.285610
DW2,512.285716
RE2,512.285783
DW2,512.489883
AW5,512.489996
DE5,514.981365
DW5,514.981484
RE5,514.981553
DW5,515.190228
AW1,515.190422
CD0,515.190556
DE1,519.171869
DW1,519.172070
RE1,519.172184
CA1,519.380890
DW1,519.381288
AW2,519.381646
DE2,521.443440
DW2,521.443548
RE2,521.443615
DW2,521.647786
AW3,521.648039
DE3,524.165207
DW3,524.165316
RE3,524.165385
RE1,524.370847
DW3,524.371048
AW1,524.371229
CD0,524.371407
DE1,527.837317
DW1,527.837713
RE1,527.838152
CA1,528.046627
DW1,528.047019
AW2,528.047373
DE2,530.516680
DW2,530.516784
RE2,530.516854
DW2,530.724764
AW4,530.724948
DE4,533.253357
DW4,533.253463
RE4,533.253531
DW4,533.462160
AW1,533.462343
CD0,533.462457
DE1,537.014425
DW1,537.014556
RE1,537.014660
CA4,537.223563
DW1,537.223732
AW2,537.223815
DE2,539.540516
DW2,539.540688
RE2,539.540853
DW2,539.748617
AW6,539.749030
DE6,542.415447
DW6,542.415550
RE6,542.415618
RE1,542.626037
DW6,542.626441
AW1,542.626791
CD0,542.627147
DE1,547.496092
DW1,547.496196
RE1,547.496264
CA1,547.704823
DW1,547.705205
AW2,547.705561
DE2,550.368627
DW2,550.368734
RE2,550.368801
DW2,550.572947
AW3,550.573150
DE3,553.036658
DW3,553.036760
RE3,553.036829
RE1,553.239892
DW1,553.239947
DE1,559.190996
CA4,559.395631
DW1,559.395835
AW2,559.396022
DE2,562.072031
DW2,562.072190
RE2,562.072322
DW2,562.276256
AW6,562.276362
DE3,569.752013
DW6,569.956572
CD0,569.956729
DE1,579.412563
AW1,579.875184
CD0,579.875291
DE1,580.138265
DW1,580.138372
RE1,580.138445
CA4,580.342711
DW1,580.342800
AW2,580.343010
DE2,582.666692
DW2,582.666918
RE2,582.667048
DW2,582.874607
AW6,582.874771
DE5,585.483762
DE6,587.577503
DW6,587.577605
RE6,587.577671
DW6,587.782185
AW1,587.782394
CD0,587.782574
DE1,591.883728
DW1,591.883839
RE1,591.883920
CA4,592.088252
DW1,592.088308
AW2,592.088345
DE2,594.349941
DW2,594.350115
RE2,594.350253
DW2,594.554231
AW5,594.554312
DE5,597.016754
DW5,597.016979
RE5,597.017106
DW5,597.225782
AW1,597.226180
CD0,597.226535
DE2,600.436934
DE1,601.094993
DW1,601.095216
RE1,601.095334
CA1,601.299792
DW1,601.299881
AW2,601.299952
DE2,603.562169
DW2,603.562278
RE2,603.562346
DW2,603.769906
AW4,603.770061
DE4,605.901390
DW4,605.901507
RE4,605.901583
RE1,606.111655
DW4,606.111759
AW1,606.111832
CD0,606.111904
DE1,609.788288
DW1,609.788393
RE1,609.788466
CA4,609.996598
DW1,609.996703
AW2,609.996777
DE2,612.733874
DW2,612.733978
RE2,612.734047
DW2,612.941721
AW5,612.941920
DE3,615.820382
DW5,616.024880
CD0,616.024988
DE1,619.435539
DE1,623.649307
AW1,625.944053
CD0,625.944490
DE1,626.202189
DW1,626.202319
RE1,626.202395
CA4,626.411077
DW1,626.411188
AW2,626.411265
DE2,629.503451
DW2,629.503553
RE2,629.503620
DW2,629.707716
AW5,629.707980
DE5,632.222455
DW5,632.222563
RE5,632.222631
DW5,632.431481
AW1,632.431875
CD0,632.432232
DE1,638.705575
DW1,638.705683
RE1,638.705751
CA4,638.910144
DW1,638.910228
AW2,638.910304
DE2,641.171807
DW2,641.171976
RE2,641.172090
DW2,641.376054
AW5,641.376136
DE5,643.871891
DW5,643.872052
RE5,643.872180
DW5,644.076609
AW1,644.076699
CD0,644.076768
DE1,648.547056
DW1,648.547199
RE1,648.547277
CA4,648.755869
DW1,648.756033
AW2,648.756170
DE2,651.090365
DW2,651.090532
RE2,651.091006
DW2,651.299541
AW6,651.299977
DE6,653.873500
DW6,653.873738
RE6,653.873853
DW6,654.082120
AW1,654.082339
CD0,654.082457
DE1,658.350088
DW1,658.350195
RE1,658.350262
CA4,658.558546
DW1,658.558699
AW2,658.558825
DE2,660.620549
DW2,660.620660
RE2,660.620733
DW2,660.828228
AW6,660.828415
DE3,665.986024
DW6,666.190838
CD0,666.190967
DE1,668.893842
DE1,673.550248
AW1,676.163104
CD0,676.163301
DE1,676.420970
DW1,676.421078
RE1,676.421162
CA1,676.630063
DW1,676.630506
AW2,676.630861
DE2,679.733662
DW2,679.733818
RE2,679.733951
DW2,679.941846
AW3,679.941967
DE3,683.809070
DW3,683.809271
RE3,683.809388
DW3,684.018350
AW1,684.018737
CD0,684.019101
DE1,687.509521
DW1,687.509674
RE1,687.509801
CA1,687.714313
DW1,687.714527
AW2,687.714706
DE2,690.176872
DW2,690.176970
RE2,690.177038
DW2,690.381296
AW4,690.381513
DE4,692.648373
DW4,692.648534
RE4,692.648648
DW4,692.857211
AW1,692.857405
CD0,692.857527
DE1,696.629939
DW1,696.630206
RE1,696.630341
CA4,696.834704
DW1,696.834805
AW2,696.834869
DE2,699.140854
DW2,699.140963
RE2,699.141030
DW2,699.345181
AW6,699.345391
DE6,703.463790
DW6,703.463955
RE6,703.464104
RE1,703.669519
DW6,703.669632
AW1,703.669692
CD0,703.669760
DE1,707.977015
DW1,707.977183
RE1,707.977644
CA4,708.186553
DW1,708.186972
AW2,708.187325
DE2,710.936344
DW2,710.936449
RE2,710.936517
DW2,711.144721
AW5,711.145141
DE5,713.464464
DW5,713.464570
RE5,713.464639
DW5,713.672868
AW1,713.673062
CD0,713.673191
DE1,717.785893
DW1,717.785999
RE1,717.786066
CA1,717.994308
DW1,717.994500
AW2,717.994613
DE2,720.256554
DW2,720.256662
RE2,720.256728
DW2,720.464327
AW3,720.464524
DE3,722.762748
DW3,722.762858
RE3,722.762924
RE1,722.973061
DW3,722.973261
AW1,722.973392
CD0,722.973521
DE1,726.522054
DW1,726.522171
RE1,726.522248
CA4,726.730575
DW1,726.730684
AW2,726.730760
DE2,729.690885
DW2,729.691006
RE2,729.691083
DW2,729.898605
AW6,729.898710
DE5,732.356685
DE6,734.060262
DW6,734.060574
RE6,734.060949
RE1,734.271265
DW6,734.271363
AW1,734.271437
CD0,734.271511
DE1,738.620250
DW1,738.620357
RE1,738.620425
CA4,738.824872
DW1,738.825075
AW2,738.825252
DE2,741.487558
DW2,741.487659
RE2,741.487727
DW2,741.695701
AW6,741.696104
DE6,744.159022
DW6,744.159126
RE6,744.159194
DW6,744.367640
AW1,744.367978
CD0,744.368201
DE2,747.980779
DE1,748.638524
DW1,748.638630
RE1,748.638699
CA1,748.847208
DW1,748.847593
AW2,748.848038
DE2,751.110368
DW2,751.110477
RE2,751.110544
DW2,751.315236
AW4,751.315443
DE4,753.776952
DW4,753.777014
RE4,753.777048
RE1,753.982573
DW4,753.982657
AW1,753.982713
CD0,753.982771
DE4,757.669694
DE1,764.348721
DW1,764.348827
RE1,764.348895
CA4,764.553500
DW1,764.553714
AW2,764.553824
DE2,767.244767
DW2,767.244923
RE2,767.245034
DW2,767.453028
AW6,767.453178
DE6,770.173887
DW6,770.174042
RE6,770.174156
RE1,770.385078
DW6,770.385502
AW1,770.386051
CD0,770.386451
DE1,775.257488
DW1,775.257590
RE1,775.257658
CA1,775.462314
DW1,775.462546
AW2,775.462733
DE2,778.333972
DW2,778.334075
RE2,778.334149
DW2,778.538456
AW4,778.538678
DE4,781.203485
DW4,781.203581
RE4,781.203649
RE1,781.414530
DW4,781.414966
AW1,781.415340
CD0,781.415696
DE1,786.892399
DW1,786.892519
RE1,786.892602
CA4,787.101555
DW1,787.101999
AW2,787.102377
DE2,790.045484
DW2,790.045630
RE2,790.045754
DW2,790.253845
AW6,790.253967
DE4,793.517287
DW6,793.722318
CD0,793.722432
DE1,797.333724
DE1,801.346584
AW1,803.737369
CD0,803.737509
DE1,803.791460
DW1,803.791566
RE1,803.791633
CA1,804.000221
DW1,804.000612
AW2,804.000967
DE2,806.463124
DW2,806.463240
RE2,806.463317
DW2,806.670837
AW3,806.670939
DE3,809.214857
DW3,809.214961
RE3,809.215029
DW3,809.423295
AW1,809.423489
CD0,809.423624
DE1,813.325487
DW1,813.325590
RE1,813.325658
CA1,813.533925
DW1,813.534119
AW2,813.534242
DE2,815.995964
DW2,815.996215
RE2,815.996356
DW2,816.200344
AW3,816.200431
DE3,818.865531
DW3,818.865757
RE3,818.865881
DW1,819.068058
DE1,823.333915
CA1,823.542203
DW1,823.542359
AW2,823.542511
DE2,826.111528
DW2,826.111636
RE2,826.111703
DW2,826.321745
AW4,826.321949
DE4,829.185617
DW4,829.185787
RE4,829.185908
DW1,829.389821
DE1,834.144558
CA4,834.352849
DW1,834.352988
AW2,834.353142
DE2,836.481602
DW2,836.481709
RE2,836.481778
DW1,836.685643
DE5,839.494978
DE6,841.756204
RE1,841.966294
DW6,841.966457
AW1,841.966534
CD0,841.966606
DE1,845.859009
DW1,845.859214
RE1,845.859331
CA1,846.067530
DW1,846.067703
AW2,846.067881
DE2,848.817983
DW2,848.818162
RE2,848.818297
DW2,849.025825
AW3,849.026010
DE3,852.003578
DW3,852.003800
RE3,852.003920
RE1,852.213921
DW3,852.214104
AW1,852.214224
CD0,852.214334
DE1,856.281921
DW1,856.282100
RE1,856.282176
CA4,856.490612
DW1,856.490716
AW2,856.490789
DE2,859.267247
DW2,859.267366
RE2,859.267442
DW2,859.474950
AW5,859.475066
DE5,862.197100
DW5,862.197312
RE5,862.197431
RE1,862.407476
DW5,862.407627
AW1,862.407754
CD0,862.407960
DE1,868.479734
DW1,868.479903
RE1,868.480027
CA1,868.684314
DW1,868.684399
AW2,868.684457
DE2,872.021627
DW2,872.022043
RE2,872.022404
DW2,872.230042
AW3,872.230153
DE3,874.805083
DW3,874.805250
RE3,874.805375
RE1,875.015450
DW3,875.015634
AW1,875.015750
CD0,875.015903
DE1,880.135135
DW1,880.135305
RE1,880.135435
CA4,880.339744
DW1,880.339828
AW2,880.339905
DE2,883.002991
DW2,883.003176
RE2,883.003290
DW2,883.207778
AW6,883.207867
DE6,885.872167
DW6,885.872357
RE6,885.872435
RE1,886.077558
DW6,886.077619
AW1,886.077658
CD0,886.077693
DE1,889.799690
DW1,889.799970
RE1,889.800186
CA4,890.004581
DW1,890.004726
AW2,890.004836
DE2,892.868797
DW2,892.868898
RE2,892.868965
DW2,893.073107
AW6,893.073313
DE6,895.736443
DW6,895.736540
RE6,895.736607
DW6,895.941097
AW1,895.941308
CD0,895.941486
DE1,900.024500
DW1,900.024601
RE1,900.024668
CA1,900.234513
DW1,900.234908
AW2,900.235264
DE2,902.497072
DW2,902.497177
RE2,902.497245
DW2,902.701485
AW3,902.701694
DE3,906.010929
DW3,906.011029
RE3,906.011096
RE1,906.221502
DW3,906.221899
AW1,906.222253
CD0,906.222605
DE1,910.314998
DW1,910.315105
RE1,910.315172
CA1,910.524263
DW1,910.524728
AW2,910.525085
DE2,913.433165
DW2,913.433287
RE2,913.433368
DW2,913.641447
AW4,913.641581
DE4,916.104861
DW4,916.104979
RE4,916.105053
DW4,916.313723
AW1,916.313834
CD0,916.313909
DE1,921.986522
DW1,921.986652
RE1,921.986727
CA4,922.195203
DW1,922.195372
AW2,922.195504
DE2,924.459724
DW2,924.459835
RE2,924.459903
DW2,924.667481
AW5,924.667626
DE5,927.133164
DW5,927.133334
RE5,927.133451
RE1,927.339252
DW1,927.339454
DE1,933.675787
CA4,933.884356
DW1,933.884463
AW2,933.884533
DE2,936.949594
DW2,936.949710
RE2,936.949779
DW2,937.153670
AW6,937.153724
DE6,941.726067
DW6,941.726171
RE6,941.726239
DW6,941.934524
AW1,941.934718
CD0,941.934838
DE1,946.236982
DW1,946.237092
RE1,946.237164
CA4,946.445264
DW1,946.445363
AW2,946.445430
DE2,949.021240
DW2,949.021411
RE2,949.021572
DW2,949.225518
AW5,949.225628
DE3,953.980872
DW5,954.185586
CD0,954.185702
DE1,957.688115
DE1,961.784286
AW1,964.104810
CD0,964.104973
DE1,964.362600
DW1,964.362707
RE1,964.362775
CA4,964.567469
DW1,964.567682
AW2,964.567906
DE2,967.649163
DW2,967.649289
RE2,967.649358
DW2,967.853612
AW5,967.853820
DE5,970.191004
DW5,970.191111
RE5,970.191178
DW5,970.395850
AW1,970.396163
CD0,970.396343
DE1,974.961282
DW1,974.961400
RE1,974.961468
CA1,975.170316
DW1,975.170757
AW2,975.171110
DE2,977.441392
DW2,977.441512
RE2,977.441583
DW2,977.649388
AW3,977.649495
DE3,980.546019
DW3,980.546192
RE3,980.546367
RE1,980.756778
DW3,980.756893
AW1,980.756999
CD0,980.757070
DE1,984.529412
DW1,984.529518
RE1,984.529585
CA1,984.738226
DW1,984.738366
AW2,984.738480
DE1,988.604638
DE2,990.672898
DW2,990.673019
RE2,990.673105
DW2,990.881156
AW4,990.881316
DE4,993.236025
DW4,993.236445
RE4,993.236828
DW4,993.445943
AW1,993.446417
CD0,993.446777
DE1,997.315711
DW1,997.315850
RE1,997.315922
CA1,997.524532
DW1,997.524650
AW2,997.524726
DE2,999.786941
DW2,999.787169
RE2,999.787292
DW2,999.995470
AW3,999.995658
DE3,1002.461424
DW3,1002.461626
RE3,1002.461763
DW3,1002.670999
AW1,1002.671396
CD0,1002.671756
DE1,1006.567107
DW1,1006.567283
RE1,1006.567425
CA4,1006.776215
DW1,1006.776355
AW2,1006.776469
DE2,1009.315481
DW2,1009.315645
RE2,1009.315758
DW2,1009.523906
AW6,1009.524047
DE5,1012.132998
DE6,1013.814522
DW6,1013.814690
RE6,1013.814836
RE1,1014.021411
DW1,1014.021837
DE1,1019.090822
CA4,1019.295673
DW1,1019.295896
AW2,1019.296074
DE2,1022.361981
DW2,1022.362157
RE2,1022.362320
DW2,1022.566373
AW6,1022.566482
DE6,1025.230752
DW6,1025.230926
RE6,1025.231065
DW6,1025.439398
AW1,1025.439595
CD0,1025.439722
DE1,1030.109957
DW1,1030.110202
RE1,1030.110334
CA1,1030.318621
DW1,1030.318809
AW2,1030.318932
DE2,1032.581985
DW2,1032.582156
RE2,1032.582288
DW2,1032.790028
AW3,1032.790181
DE3,1035.287477
DW3,1035.287699
RE3,1035.287891
RE1,1035.493136
DW3,1035.493373
AW1,1035.493558
CD0,1035.493735
DE1,1039.209744
DW1,1039.210167
RE1,1039.210526
CA1,1039.419208
DW1,1039.419592
AW2,1039.419946
DE2,1042.485981
DW2,1042.486177
RE2,1042.486304
DW2,1042.694675
AW3,1042.695292
DE3,1045.223289
DW3,1045.223413
RE3,1045.223487
DW3,1045.431691
AW1,1045.431801
CD0,1045.431878
DE1,1050.778331
DW1,1050.778452
RE1,1050.778525
CA1,1050.986568
DW1,1050.986662
AW2,1050.986735
DE2,1053.320891
DW2,1053.321061
RE2,1053.321206
DW2,1053.528758
AW3,1053.528957
DE3,1056.219306
DW3,1056.219524
RE3,1056.219644
DW3,1056.427745
AW1,1056.427994
CD0,1056.428131
DE1,1060.586818
DW1,1060.586936
RE1,1060.587080
CA1,1060.791435
DW1,1060.791546
AW2,1060.791608
DE2,1063.654939
DW2,1063.655048
RE2,1063.655116
DW2,1063.862713
AW4,1063.862917
DE4,1066.539948
DW4,1066.540052
RE4,1066.540122
DW4,1066.748477
AW1,1066.748679
CD0,1066.748821
DE1,1070.474143
DW1,1070.474249
RE1,1070.474316
CA4,1070.682602
DW1,1070.682793
AW2,1070.682915
DE2,1072.956026
DW2,1072.956131
RE2,1072.956198
DW1,1073.160207
DE5,1075.771046
DE6,1079.884524
RE1,1080.089990
DW6,1080.090195
AW1,1080.090373
CD0,1080.090550
DE1,1083.436549
DW1,1083.436960
RE1,1083.437321
CA1,1083.645988
DW1,1083.646383
AW2,1083.646738
DE2,1086.348573
DW2,1086.348682
RE2,1086.348750
DW2,1086.556579
AW3,1086.556973
DE3,1090.718941
DW3,1090.719343
RE3,1090.719702
RE1,1090.930127
DW3,1090.930520
AW1,1090.930876
CD0,1090.931233
DE1,1094.598268
DW1,1094.598691
RE1,1094.598944
CA1,1094.807509
DW1,1094.807985
AW2,1094.808347
DE2,1097.872482
DW2,1097.872603
RE2,1097.872680
DW2,1098.080271
AW3,1098.080384
DE4,1100.743384
DE3,1104.811885
DW3,1104.811990
RE3,1104.812057
DW3,1105.021228
AW1,1105.021675
CD0,1105.022030
DE1,1108.893716
DW1,1108.893852
RE1,1108.893924
CA1,1109.102557
DW1,1109.102656
AW2,1109.102729
DE2,1111.421505
DW2,1111.421630
RE2,1111.421702
DW2,1111.630014
AW4,1111.630280
DE4,1114.189394
DW4,1114.189614
RE4,1114.189795
DW4,1114.398417
AW1,1114.398822
CD0,1114.399706
DE1,1118.144314
DW1,1118.144551
RE1,1118.144664
CA1,1118.353213
DW1,1118.353606
AW2,1118.353961
DE2,1120.816694
DW2,1120.816804
RE2,1120.816872
DW2,1121.024822
AW4,1121.025220
DE4,1123.584848
DW4,1123.585002
RE4,1123.585122
DW4,1123.793910
AW1,1123.794094
CD0,1123.794215
DE1,1128.081361
DW1,1128.081535
RE1,1128.081664
CA1,1128.286164
DW1,1128.286247
AW2,1128.286308
DE2,1130.642569
DW2,1130.642779
RE2,1130.642907
DW2,1130.851306
AW4,1130.851709
DE3,1140.716960
DE4,1144.418951
DW4,1144.419050
RE4,1144.419119
DW4,1144.628241
AW1,1144.628706
CD0,1144.629080
DE1,1148.517570
DW1,1148.517684
RE1,1148.517768
CA1,1148.722360
DW1,1148.722570
AW2,1148.722748
DE2,1150.985816
DW2,1150.985934
RE2,1150.986003
DW2,1151.190332
AW4,1151.190543
DE4,1153.854038
DW4,1153.854225
RE4,1153.854381
DW4,1154.063146
AW1,1154.063295
CD0,1154.063748
DE1,1158.735001
DW1,1158.735116
RE1,1158.735184
CA1,1158.943941
DW1,1158.944068
AW2,1158.944144
CD0,1159.599187
DW2,1159.599283
DW1,1159.599365
DW2,1159.599425
DW3,1159.599484
DW4,1159.599543
DW5,1159.599602
DW6,1159.599660
CD0,1159.599719
