CD0,539.549348
AW1,539.718261
AL1,539.718784
CD0,539.719589
DE1,544.379339
DL1,544.379610
DW1,544.379775
RE1,544.379875
CA4,544.504159
AW1,544.504567
AW2,544.507455
AL2,544.507613
DW1,544.627744
AW1,544.627991
DE1,544.788937
DW1,544.789141
RE1,544.789243
DE2,546.558452
DL2,546.558691
DW2,546.558846
RE2,546.558947
AW6,546.688522
DE5,550.842099
DE6,557.378206
DW6,557.378516
RE6,557.378624
AW1,557.503532
AL1,557.503887
CD0,557.504726
DE1,564.127421
DL1,564.127692
DW1,564.127854
RE1,564.127957
CA4,564.240137
AW1,564.240524
DW1,565.100378
AW2,565.100624
AL2,565.100834
DE1,566.920242
DE1,571.111711
DE2,581.142573
DL2,581.143145
DW2,581.143595
RE2,581.144115
AW6,581.288903
DE3,585.989495
DW6,586.124047
CD0,586.124790
DE1,593.858078
DE2,596.135223
AW1,596.135413
AL1,596.135566
CD0,596.136318
DE5,599.133180
DE1,611.360899
DL1,611.361187
DW1,611.361413
RE1,611.361552
CA4,611.492177
AW1,611.493303
DW1,611.614531
AW2,611.614727
AL2,611.614870
DE1,613.369930
DE2,616.141832
DL2,616.142429
DW2,616.142890
RE2,616.143270
AW5,616.286504
DE5,620.561202
DW5,620.561794
RE5,620.562232
AW1,620.700433
AL1,620.700721
CD0,620.701111
DE6,622.677655
DE1,629.672244
DL1,629.672781
DW1,629.673307
RE1,629.673691
CA4,629.817331
AW1,629.818425
DE1,629.940870
DW1,629.941067
RE1,629.941167
AW2,629.941314
AL2,629.941473
DE2,634.509112
DL2,634.509674
DW2,634.510157
RE2,634.510559
AW6,634.657993
DE5,637.601810
DE6,639.530006
DW6,639.530643
RE6,639.531051
AW1,639.671906
AL1,639.672378
CD0,639.673204
DE1,643.445934
DL1,643.446539
DW1,643.447000
RE1,643.447413
CA1,643.588528
AW1,643.589551
DW1,643.712622
AW2,643.712800
AL2,643.712964
DE1,643.830553
DE2,648.355272
DL2,648.355834
DW2,648.356272
RE2,648.356665
AW4,648.499403
DE4,657.083844
DW4,657.084536
RE4,657.084964
RE1,657.222946
AW1,657.223509
AL1,657.224094
DE3,661.390086
DE1,664.267610
DL1,664.268165
DW1,664.268658
RE1,664.269046
CA4,664.415632
AW1,664.416774
DE1,664.539207
DW1,664.539420
RE1,664.539532
AW2,664.539668
AL2,664.539807
DE1,668.692538
DE2,670.517898
DL2,670.518450
DW2,670.518940
RE2,670.519318
AW6,670.667003
DE5,673.219021
DE6,675.324726
DW6,675.325432
RE6,675.325832
RE1,675.465262
AW1,675.465820
AL1,675.466313
CD0,675.467127
DE1,680.005032
DL1,680.005616
DW1,680.006072
RE1,680.006497
CA1,680.148165
AW1,680.149282
DW1,680.271939
AW2,680.272106
AL2,680.272261
DE1,680.400140
DE2,683.839351
DL2,683.839857
DW2,683.840324
RE2,683.840725
AW4,683.988818
DE5,691.582440
DW4,691.725161
CD0,691.725966
AW1,701.717183
AL1,701.717553
CD0,701.718335
DE1,702.231137
DL1,702.231466
DW1,702.231709
RE1,702.231851
CA4,702.375362
AW1,702.375868
DW1,702.499531
AW2,702.499718
AL2,702.499896
DE1,702.500677
DE1,706.688796
DE2,708.050792
DL2,708.051113
DW2,708.051315
RE2,708.051455
AW5,708.203439
DE3,711.315810
DW5,711.450988
CD0,711.451778
DE4,713.052518
DE1,715.400865
DE1,719.616338
AW1,721.461742
AL1,721.462052
CD0,721.462808
DE1,721.744149
DL1,721.744507
DW1,721.744710
RE1,721.744850
CA1,721.886580
AW1,721.886998
DW1,722.027671
AW2,722.027869
AL2,722.028012
DE1,722.028790
DE2,727.129974
DL2,727.130309
DW2,727.130512
RE2,727.130672
AW3,727.263200
DE3,731.956069
DW3,731.956333
RE3,731.956432
RE1,732.081361
AW1,732.081930
AL1,732.082385
CD0,732.083162
DE4,734.221684
DE1,736.545874
DL1,736.546250
DW1,736.546461
RE1,736.546620
CA1,736.677149
AW1,736.677714
DW1,736.799744
AW2,736.799934
AL2,736.800082
DE1,736.942336
DE2,739.891709
DL2,739.892260
DW2,739.892745
RE2,739.893131
AW4,740.037878
DE5,744.370249
DW4,744.503639
CD0,744.504490
DE1,749.742489
DE1,753.847511
AW1,754.504230
AL1,754.504441
CD0,754.505189
DE1,755.306438
DL1,755.306670
DW1,755.306824
RE1,755.306924
CA4,755.419144
AW1,755.419568
DE1,755.670556
DW1,755.670775
RE1,755.670879
AW2,759.007148
AL2,759.007400
DE1,759.855768
DE2,761.633067
DL2,761.633373
DW2,761.633587
RE2,761.633728
AW5,761.763387
DE5,767.125026
DW5,767.125405
RE5,767.125561
RE1,767.250953
AW1,767.251514
AL1,767.251956
CD0,767.252714
DE5,771.112949
DE1,773.820628
DL1,773.821187
DW1,773.821630
RE1,773.822011
CA1,773.967045
AW1,773.968105
DW1,774.277597
AW2,774.278090
AL2,774.278528
DE1,774.279576
DE2,777.409101
DL2,777.409627
DW2,777.410065
RE2,777.410446
AW3,777.556071
DE5,781.247392
DW3,781.380909
CD0,781.381649
DE6,783.448967
DE1,785.817685
DE1,789.827538
AW1,791.381316
AL1,791.381570
CD0,791.382329
DE1,791.542210
DL1,791.542523
DW1,791.542724
RE1,791.542866
CA1,791.655066
AW1,791.655540
DE1,792.131816
DW1,792.132147
RE1,792.132298
AW2,794.601027
AL2,794.601271
DE1,796.207340
DE2,798.129489
DL2,798.129785
DW2,798.129986
RE2,798.130125
AW3,798.260515
DE3,803.282655
DW3,803.283248
RE3,803.283636
AW1,803.424959
AL1,803.425456
CD0,803.426210
DE1,806.661797
DL1,806.662354
DW1,806.662795
RE1,806.663174
CA4,806.897002
AW1,806.898089
DE1,806.902554
DW1,806.902786
RE1,806.902930
AW2,807.015840
AL2,807.016090
DE2,812.051019
DL2,812.051251
DW2,812.051406
RE2,812.051507
AW5,812.181600
DE5,816.165697
DW5,816.166011
RE5,816.166124
RE1,816.289355
AW1,816.289758
AL1,816.290062
CD0,816.290824
DE5,820.143356
DE1,822.399966
DL1,822.400311
DW1,822.400516
RE1,822.400659
CA4,822.546278
AW1,822.546799
DW1,822.668322
AW2,822.668514
AL2,822.668659
DE1,822.796062
DE1,826.968202
DE2,828.761243
DL2,828.761811
DW2,828.762326
RE2,828.762728
AW6,828.890832
DE5,833.317804
DE6,835.227639
DW6,835.228015
RE6,835.228171
AW1,835.352795
AL1,835.353043
CD0,835.353802
DE1,838.630694
DL1,838.631246
DW1,838.631687
RE1,838.632065
CA4,838.760846
AW1,838.761263
DE1,839.027382
DW1,839.027602
RE1,839.027707
AW2,840.086077
AL2,840.086327
DE2,843.966707
DL2,843.967006
DW2,843.967206
RE2,843.967347
AW6,844.209137
DE2,848.135981
DE5,851.065107
DE6,853.292758
DW6,853.293351
RE6,853.293746
AW1,853.432998
AL1,853.433489
CD0,853.434339
DE1,858.840117
DL1,858.840663
DW1,858.841103
RE1,858.841485
CA4,858.988460
AW1,858.989434
DW1,859.109725
AW2,859.109901
AL2,859.110046
DE1,859.252113
DE2,862.780384
DL2,862.780911
DW2,862.781353
RE2,862.781732
AW5,862.924694
DE5,866.336904
DW5,866.337222
RE5,866.337332
AW1,866.463560
AL1,866.463810
CD0,866.464791
DE5,870.328275
DE1,874.885871
DL1,874.886213
DW1,874.886457
RE1,874.886602
CA1,875.009417
AW1,875.010557
DW1,875.131651
AW2,875.132192
AL2,875.132635
DE2,879.006562
DL2,879.007097
DW2,879.007588
RE2,879.007967
AW3,879.148569
DE3,884.228956
DW3,884.229627
RE3,884.230016
RE1,884.368647
AW1,884.369288
AL1,884.369761
CD0,884.370590
DE1,887.970365
DL1,887.970926
DW1,887.971415
RE1,887.971795
CA4,888.117789
AW1,888.118883
DE1,888.241348
DW1,888.241544
RE1,888.241640
AW2,888.241776
AL2,888.241930
DE2,894.429720
DL2,894.430266
DW2,894.430744
RE2,894.431125
AW6,894.699475
DE5,898.006223
DE6,899.915345
DW6,899.915740
RE6,899.915873
RE1,900.039063
AW1,900.039308
AL1,900.039461
CD0,900.040211
DE1,905.235603
DL1,905.235921
DW1,905.236138
RE1,905.236319
CA4,905.367095
AW1,905.367658
DW1,905.582448
AL2,905.582737
DE1,905.583584
AW2,906.747985
DE2,909.212343
DL2,909.212656
DW2,909.212859
RE2,909.213024
AW6,909.344090
DE5,912.520724
DE6,914.447963
DW6,914.448379
RE6,914.448530
AW1,914.586308
AL1,914.586514
CD0,914.587268
DE1,919.626278
DL1,919.626845
DW1,919.627303
RE1,919.627722
CA4,919.759990
AW1,919.761091
DW1,919.879867
AW2,919.880383
AL2,919.880871
DE1,919.996750
DE2,923.622848
DL2,923.623080
DW2,923.623235
RE2,923.623334
AW5,923.766132
DE2,927.795009
DE5,929.380291
DW5,929.380894
RE5,929.381288
AW1,929.522223
AL1,929.522691
CD0,929.523449
DE5,933.357403
DE1,936.208780
DL1,936.209340
DW1,936.209784
RE1,936.210161
CA4,936.325856
AW1,936.326275
DE1,936.622845
DW1,936.623144
RE1,936.623290
AW2,938.454455
AL2,938.454722
DE2,940.740358
DL2,940.740913
DW2,940.741410
RE2,940.741794
AW5,940.875139
DE5,943.914224
DW5,943.915344
RE5,943.915803
AW1,944.041067
AL1,944.041551
DE1,950.133845
DL1,950.134199
DW1,950.134362
RE1,950.134461
CA4,950.246649
AW1,950.247176
DE1,950.527733
DW1,950.528084
RE1,950.528239
AW2,954.129508
AL2,954.129757
DE2,954.799262
DL2,954.799546
DW2,954.799756
RE2,954.799895
AW5,954.928484
DE5,959.153646
DW5,959.154073
RE5,959.154240
AW1,959.285530
AL1,959.285745
CD0,959.286475
DE5,963.137623
DE1,965.730480
DL1,965.730787
DW1,965.730993
RE1,965.731138
CA1,965.861782
AW1,965.862850
DW1,965.983243
AW2,965.983456
AL2,965.983610
DE1,966.127684
DE2,969.347315
DL2,969.347840
DW2,969.348275
RE2,969.348652
AW4,969.472157
DE3,974.619601
DE4,977.252261
DW4,977.252569
RE4,977.252704
RE1,977.377392
AW1,977.378077
AL1,977.378535
CD0,977.379350
DE1,980.635667
DL1,980.636225
DW1,980.636684
RE1,980.637107
CA1,980.856028
AW1,980.857134
DE1,980.862778
DW1,980.863256
RE1,980.863689
AW2,980.976770
AL2,980.976965
DE1,984.946026
DE2,987.474661
DL2,987.474959
DW2,987.475162
RE2,987.475304
AW3,987.605279
DE3,991.026633
DW3,991.027039
RE3,991.027193
AW1,991.151494
AL1,991.151982
CD0,991.152735
DE1,994.812086
DL1,994.812644
DW1,994.813095
RE1,994.813479
CA1,994.929324
AW1,994.929930
DE1,995.178066
DW1,995.178406
RE1,995.178553
AW2,999.942113
AL2,999.942361
DE2,1000.293615
DL2,1000.293900
DW2,1000.294235
RE2,1000.294419
AW3,1000.425004
DE3,1003.610923
DW3,1003.611278
RE3,1003.611447
AW1,1003.742647
AL1,1003.742910
CD0,1003.743666
DE1,1007.447297
DL1,1007.447652
DW1,1007.447897
RE1,1007.448042
CA1,1007.593065
AW1,1007.593589
DW1,1007.731273
AW2,1007.731466
AL2,1007.731612
DE1,1007.732381
DE2,1011.389805
DL2,1011.390143
DW2,1011.390344
RE2,1011.390483
AW4,1011.519198
DE3,1014.776433
DE4,1017.058167
DW4,1017.058519
RE4,1017.058674
AW1,1017.192422
AL1,1017.192683
DE1,1021.509865
DL1,1021.510213
DW1,1021.510439
RE1,1021.510578
CA1,1021.658831
AW1,1021.659370
DW1,1021.793839
AW2,1021.794077
AL2,1021.794226
DE1,1021.795012
DE2,1025.418141
DL2,1025.418502
DW2,1025.418703
RE2,1025.418845
AW4,1025.549005
DE3,1030.189230
DE4,1032.223810
DW4,1032.224608
RE4,1032.225007
AW1,1032.366737
AL1,1032.367233
CD0,1032.368052
DE1,1036.143190
DL1,1036.143802
DW1,1036.144423
RE1,1036.144862
CA4,1036.288054
AW1,1036.289103
DW1,1036.411420
AW2,1036.411600
AL2,1036.411777
DE1,1036.524397
DE2,1041.334588
DL2,1041.335140
DW2,1041.335647
RE2,1041.336030
DE5,1044.446844
RE1,1044.590941
AW1,1044.591493
AL1,1044.591977
CD0,1044.592791
DE1,1047.158520
DL1,1047.159079
DW1,1047.159562
RE1,1047.159970
CA4,1047.306675
AW1,1047.307755
DW1,1047.428210
AW2,1047.428409
AL2,1047.428553
DE1,1047.554405
DE2,1052.929148
DL2,1052.929383
DW2,1052.929536
RE2,1052.929635
AW6,1053.059577
DE5,1055.901452
DE6,1057.876655
DW6,1057.877025
RE6,1057.877183
AW1,1058.002167
AL1,1058.002657
CD0,1058.003416
DE1,1062.785787
DL1,1062.786338
DW1,1062.786788
RE1,1062.787163
CA4,1062.902939
AW1,1062.903380
DE1,1063.183746
DW1,1063.184184
RE1,1063.184335
AW2,1066.550825
AL2,1066.551041
DE2,1066.761769
DL2,1066.762059
DW2,1066.762264
RE2,1066.762405
AW6,1066.891843
DE5,1071.430426
DE6,1073.404041
DW6,1073.404409
RE6,1073.404861
AW1,1073.532814
AL1,1073.533356
CD0,1073.534250
DE1,1079.031214
DL1,1079.031795
DW1,1079.032267
RE1,1079.032671
CA4,1079.164967
AW1,1079.166084
DW1,1079.284778
AW2,1079.285264
AL2,1079.285758
DE1,1079.410626
DE2,1082.708571
DL2,1082.708806
DW2,1082.708960
RE2,1082.709058
AW6,1082.854516
DE5,1085.904667
DE6,1088.106033
DW6,1088.106626
RE6,1088.107116
AW1,1088.250337
AL1,1088.250932
CD0,1088.251694
DE1,1093.011845
CA4,1093.160671
DL1,1093.161443
DW1,1093.161990
AW1,1093.162784
DW1,1093.282760
AW2,1093.282939
AL2,1093.283084
DE1,1093.407639
DE2,1097.498389
DL2,1097.498930
DW2,1097.499423
RE2,1097.499803
AW6,1097.767278
DE5,1101.602913
DE6,1103.534292
DW6,1103.534899
RE6,1103.535347
CD0,1103.674983
AW1,1103.794394
AL1,1103.794593
DE1,1107.831423
DL1,1107.831683
DW1,1107.831846
RE1,1107.831947
CA4,1107.944186
AW1,1107.944668
DE1,1108.228069
DW1,1108.228347
RE1,1108.228493
DE2,1112.259619
AW6,1112.390892
DE3,1115.326733
DW6,1115.457451
CD0,1115.458184
DE4,1117.232311
DE1,1123.359042
AW1,1125.459800
AL1,1125.460343
CD0,1125.461148
DE1,1126.097245
CA4,1126.210829
DL1,1126.211201
DW1,1126.211360
AW1,1126.211548
DE1,1126.369203
DW1,1126.369467
RE1,1126.369629
AW1,1128.166899
DW1,1129.450236
AW1,1129.451053
DW1,1129.575266
AW2,1130.745258
AL2,1130.745757
DE2,1131.222371
DL2,1131.222904
DW2,1131.223348
RE2,1131.223729
AW5,1131.353433
DE2,1135.386941
DE5,1137.033349
DW5,1137.033694
RE5,1137.033816
AW1,1137.159614
AL1,1137.159992
CD0,1137.160760
DE5,1141.018635
DE1,1144.533661
DL1,1144.534051
DW1,1144.534285
RE1,1144.534427
CA1,1144.646634
AW1,1144.647200
DE1,1144.964134
DW1,1144.964417
RE1,1144.964563
AW2,1148.660781
AL2,1148.661036
DE2,1149.802912
DL2,1149.803455
DW2,1149.803895
RE2,1149.804364
AW3,1149.950009
DE3,1154.368682
DW3,1154.369272
RE3,1154.369662
RE1,1154.507884
AW1,1154.508447
AL1,1154.508891
CD0,1154.509652
DE1,1157.864663
DL1,1157.865218
DW1,1157.865663
RE1,1157.866042
CA1,1157.984174
AW1,1157.984587
DE1,1158.132681
DW1,1158.132878
RE1,1158.132976
AW2,1158.813725
AL2,1158.813906
DE2,1162.362747
DL2,1162.363271
DW2,1162.363715
RE2,1162.364206
AW3,1162.507992
DE4,1165.863554
DE1,1168.647422
DE1,1172.752906
DE2,1177.330249
DE3,1183.578837
DW3,1183.579437
RE3,1183.579830
AW1,1183.717030
AL1,1183.717518
CD0,1183.718279
DE1,1194.875188
DL1,1194.875497
DW1,1194.875744
RE1,1194.875910
CA1,1195.006653
AW1,1195.007217
DW1,1195.127874
AW2,1195.128126
AL2,1195.128324
DE1,1195.286419
DE2,1200.356305
DL2,1200.356603
DW2,1200.356806
RE2,1200.356948
AW3,1200.487755
DE5,1203.232373
DW3,1203.362696
CD0,1203.363491
DE1,1209.365081
AW1,1213.378609
AL1,1213.379141
CD0,1213.379964
DE1,1214.034314
DL1,1214.034883
DW1,1214.035339
RE1,1214.035776
CA4,1214.178520
AW1,1214.179661
DW1,1214.384151
AW2,1214.384711
AL2,1214.385172
DE1,1214.537118
DE1,1218.713184
DE2,1220.132629
DL2,1220.132863
DW2,1220.133016
RE2,1220.133116
AW6,1220.263093
DE5,1225.856835
DE6,1228.106452
DW6,1228.106858
RE6,1228.107017
RE1,1228.245856
AW1,1228.246189
AL1,1228.246396
CD0,1228.247158
DE1,1232.698936
DL1,1232.699264
DW1,1232.699473
RE1,1232.699615
CA4,1232.811755
AW1,1232.812288
DE1,1232.926194
DW1,1232.926514
RE1,1232.926661
AW2,1235.212031
AL2,1235.212286
DE2,1236.728717
DL2,1236.729047
DW2,1236.729265
RE2,1236.729408
AW6,1236.859356
DE5,1239.589298
DE6,1241.614188
DW6,1241.614804
RE6,1241.615199
AW1,1241.754496
AL1,1241.754979
CD0,1241.755735
DE1,1246.726487
DL1,1246.727051
DW1,1246.727491
RE1,1246.727871
CA4,1246.843745
AW1,1246.844340
DE1,1247.155573
DW1,1247.155842
RE1,1247.155946
DE2,1250.354615
AW5,1250.567932
DE5,1252.984384
DW5,1252.984766
RE5,1252.984902
AW1,1253.109129
AL1,1253.109327
CD0,1253.110143
DE5,1257.631182
DE1,1260.702301
DL1,1260.702659
DW1,1260.702880
RE1,1260.703020
CA1,1260.829264
AW1,1260.829670
AW2,1260.832592
AL2,1260.832759
DW1,1261.013006
DE1,1261.013881
DE2,1263.856980
DL2,1263.857546
DW2,1263.858006
RE2,1263.858389
AW4,1264.005733
DE3,1267.240650
DE4,1270.149783
DW4,1270.150393
RE4,1270.150844
RE1,1270.289507
AW1,1270.290086
AL1,1270.290572
CD0,1270.291346
DE1,1274.029879
DL1,1274.030436
DW1,1274.030940
RE1,1274.031320
CA1,1274.177384
AW1,1274.178529
DW1,1274.327963
AW2,1274.328168
AL2,1274.328331
DE1,1274.329103
DE1,1278.412033
DE2,1279.687925
DL2,1279.688213
DW2,1279.688432
RE2,1279.688591
AW4,1279.819528
DE5,1283.315793
DW4,1283.446472
CD0,1283.447280
DE1,1288.788707
DE2,1292.460099
AW1,1293.452534
AL1,1293.452925
CD0,1293.453682
DE3,1298.012337
DE1,1306.478280
DL1,1306.478601
DW1,1306.478808
RE1,1306.478951
CA4,1306.591137
AW1,1306.592207
DE1,1306.876530
DW1,1306.876757
RE1,1306.876862
DE1,1311.051554
AW2,1311.405998
AL2,1311.406246
DE2,1313.075239
DL2,1313.075549
DW2,1313.075752
RE2,1313.075894
AW5,1313.319683
DE5,1316.095646
DW5,1316.096286
RE5,1316.096689
RE1,1316.223018
AW1,1316.223582
AL1,1316.224123
CD0,1316.224890
DE5,1320.119085
DE1,1322.756640
DL1,1322.757204
DW1,1322.757649
RE1,1322.758032
CA4,1322.876351
AW1,1322.877406
DE1,1323.140656
DW1,1323.141171
RE1,1323.141558
AW2,1326.796860
DE2,1327.732636
DW2,1327.733163
RE2,1327.733550
AW5,1327.885958
DE5,1331.416083
DW5,1331.416451
RE5,1331.416608
AW1,1331.555579
AL1,1331.555832
CD0,1331.556587
DE5,1335.398392
DE1,1337.474738
DL1,1337.475051
DW1,1337.475254
RE1,1337.475397
CA4,1337.587565
AW1,1337.588632
DE1,1337.873205
DW1,1337.873724
RE1,1337.874192
DE2,1340.879170
AW5,1341.010202
DE5,1344.738844
DW5,1344.739244
RE5,1344.739411
AW1,1344.865959
AL1,1344.866456
CD0,1344.867210
DE1,1350.025776
DL1,1350.026329
DW1,1350.026773
RE1,1350.027154
CA1,1350.142760
AW1,1350.143179
DE1,1350.423368
DW1,1350.423671
RE1,1350.423817
AW2,1352.381018
AL2,1352.381311
DE2,1354.565947
DL2,1354.566267
DW2,1354.566499
RE2,1354.567246
AW3,1354.696245
DE3,1357.729901
DW3,1357.730260
RE3,1357.730425
RE1,1357.855668
AW1,1357.855993
AL1,1357.856233
CD0,1357.857042
DE1,1360.955414
CA4,1361.085697
DL1,1361.086410
DW1,1361.086990
AW1,1361.087757
DE1,1361.207783
DW1,1361.208356
RE1,1361.208744
AL2,1361.209232
AW2,1362.452127
DE1,1365.661792
DE2,1366.735124
DL2,1366.735661
DW2,1366.736162
RE2,1366.736544
AW6,1366.866326
DE5,1369.999141
DE6,1372.085787
DW6,1372.086134
RE6,1372.086327
RE1,1372.224503
AW1,1372.224783
AL1,1372.224945
CD0,1372.225697
DE1,1376.894325
DL1,1376.894904
DW1,1376.895402
RE1,1376.895785
CA4,1377.038672
AW1,1377.039787
DW1,1377.161393
AW2,1377.161576
AL2,1377.161722
DE2,1380.756825
DL2,1380.757399
DW2,1380.757846
RE2,1380.758283
AW6,1380.905317
DE3,1384.307514
DW6,1384.443054
CD0,1384.443849
DE1,1387.456026
DE1,1392.919759
AW1,1394.436630
AL1,1394.437112
CD0,1394.437941
DE1,1394.642137
DL1,1394.642453
DW1,1394.642660
RE1,1394.642800
CA1,1394.755041
AW1,1394.755458
DE1,1394.944536
DW1,1394.944849
RE1,1394.944999
AW2,1398.417275
AL2,1398.417525
DE2,1400.090326
DL2,1400.090635
DW2,1400.090838
RE2,1400.090977
AW3,1400.220615
DE3,1403.660628
DW3,1403.660991
RE3,1403.661150
RE1,1403.786019
AW1,1403.786328
AL1,1403.786528
CD0,1403.787276
DE1,1407.752023
DL1,1407.752307
DW1,1407.752512
RE1,1407.752652
CA1,1407.896328
AW1,1407.896857
DW1,1408.013353
AW2,1408.013592
AL2,1408.013793
DE1,1408.132552
DE2,1412.605194
DL2,1412.605500
DW2,1412.605700
RE2,1412.605841
AW3,1412.736124
DE3,1415.655700
DW3,1415.656307
RE3,1415.656702
AW1,1415.787830
AL1,1415.788325
CD0,1415.789082
DE1,1419.603454
DL1,1419.604048
DW1,1419.604525
RE1,1419.604927
CA1,1419.748221
AW1,1419.749292
DW1,1419.968123
AW2,1419.968300
AL2,1419.968450
DE1,1419.969140
DE2,1422.653713
DL2,1422.654286
DW2,1422.654751
RE2,1422.655132
AW3,1422.798804
DE3,1426.450924
DW3,1426.451523
RE3,1426.451945
AW1,1426.592760
AL1,1426.593253
CD0,1426.594121
DE1,1430.398095
DL1,1430.398642
DW1,1430.399085
RE1,1430.399466
CA4,1430.545453
AW1,1430.546496
DW1,1430.667016
AW2,1430.667285
AL2,1430.667484
DE2,1433.719117
DL2,1433.719387
DW2,1433.719586
RE2,1433.719727
AW6,1433.891379
DE5,1436.556867
DE6,1438.836631
DW6,1438.836957
RE6,1438.837107
RE1,1438.960611
AW1,1438.961173
AL1,1438.961622
CD0,1438.962378
DE1,1443.320148
DL1,1443.320673
DW1,1443.321116
RE1,1443.321497
CA4,1443.438653
AW1,1443.439243
DE1,1443.673002
DW1,1443.673269
RE1,1443.673416
AW2,1444.277108
AL2,1444.277313
DE2,1447.553904
DL2,1447.554345
DW2,1447.554549
RE2,1447.554713
AW5,1447.696208
DE5,1450.807198
DW5,1450.807555
RE5,1450.807732
AW1,1450.932037
AL1,1450.932528
CD0,1450.933345
DE1,1455.520094
DL1,1455.520643
DW1,1455.521085
RE1,1455.521518
CA1,1455.653887
AW1,1455.655206
DW1,1455.774498
AW2,1455.775027
AL2,1455.775471
DE1,1455.891161
DE2,1458.010676
DL2,1458.010916
DW2,1458.011073
RE2,1458.011171
AW4,1458.140919
DE3,1461.718532
DE4,1464.353044
DW4,1464.353606
RE4,1464.354095
RE1,1464.492681
AW1,1464.493231
AL1,1464.493672
CD0,1464.494546
DE1,1467.807270
DL1,1467.807863
DW1,1467.808302
RE1,1467.808714
CA1,1467.954094
AW1,1467.955133
DW1,1468.169881
AW2,1468.170048
AL2,1468.170203
DE1,1468.170953
DE2,1471.707019
DL2,1471.707526
DW2,1471.707988
RE2,1471.708385
AW3,1471.839165
DE3,1475.187826
DW3,1475.188165
RE3,1475.188311
AW1,1475.313162
AL1,1475.313650
CD0,1475.314517
DE1,1479.343928
DL1,1479.344244
DW1,1479.344399
RE1,1479.344499
CA1,1479.580547
AW1,1479.580897
DE1,1479.584400
DW1,1479.584577
RE1,1479.584678
AW2,1479.803001
AL2,1479.803193
DE2,1483.469159
DL2,1483.469373
DW2,1483.469523
RE2,1483.469624
AW3,1483.600399
DE3,1487.040022
DW3,1487.040605
RE3,1487.041079
AW1,1487.177418
AL1,1487.177922
CD0,1487.178720
DE1,1490.975715
DL1,1490.976251
DW1,1490.976741
RE1,1490.977123
CA1,1491.118333
AW1,1491.119386
DE1,1491.240999
DW1,1491.241214
RE1,1491.241311
AW2,1491.241445
AL2,1491.241586
DE2,1495.188485
DL2,1495.188990
DW2,1495.189455
RE2,1495.189878
AW4,1495.336429
DE3,1498.705949
DE4,1501.680808
DW4,1501.681395
RE4,1501.681799
AW1,1501.820989
AL1,1501.821512
CD0,1501.822264
DE1,1505.228896
DL1,1505.229507
DW1,1505.229951
RE1,1505.230358
CA1,1505.368384
AW1,1505.368757
DW1,1505.495968
AW2,1505.496150
AL2,1505.496300
DE1,1505.497007
DE2,1509.235786
DL2,1509.235997
DW2,1509.236146
RE2,1509.236245
AW4,1509.366728
DE3,1512.752939
DE4,1515.033545
DW4,1515.033898
RE4,1515.034130
AW1,1515.162200
AL1,1515.162671
CD0,1515.163424
DE1,1518.995908
DL1,1518.996149
DW1,1518.996304
RE1,1518.996403
CA4,1519.127698
AW1,1519.128082
DW1,1519.247918
AL2,1519.248103
DE1,1519.392492
AW2,1520.461742
DE2,1524.567802
DL2,1524.568089
DW2,1524.568292
RE2,1524.568431
AW6,1524.692335
DE5,1527.663178
DE6,1529.689203
DW6,1529.689523
RE6,1529.689674
RE1,1529.815126
AW1,1529.815694
AL1,1529.816144
CD0,1529.816928
DE1,1534.880630
DL1,1534.881209
DW1,1534.881647
RE1,1534.882036
CA1,1535.027579
AW1,1535.028608
DE1,1535.150369
DW1,1535.150571
RE1,1535.150683
AW2,1535.150818
AL2,1535.150957
DE2,1539.079993
DL2,1539.080524
DW2,1539.080965
RE2,1539.081396
AW3,1539.225168
DE3,1542.188631
DW3,1542.189221
RE3,1542.189687
RE1,1542.328410
AW1,1542.328955
AL1,1542.329429
CD0,1542.330193
DE1,1546.040641
DL1,1546.041201
DW1,1546.041640
RE1,1546.045280
CA4,1546.262120
AW1,1546.263149
AW2,1546.268041
AL2,1546.268488
DE1,1546.269522
DW1,1546.270004
RE1,1546.270407
DE2,1550.887682
DL2,1550.888187
DW2,1550.888672
RE2,1550.889053
AW6,1551.034461
DE5,1554.131706
DE6,1556.222425
DW6,1556.223236
RE6,1556.223673
RE1,1556.469140
AW1,1556.469720
AL1,1556.470179
CD0,1556.470960
DE1,1561.156206
DL1,1561.156778
DW1,1561.157217
RE1,1561.157667
CA1,1561.302851
AW1,1561.303915
DE1,1561.476530
DW1,1561.477022
AW2,1561.477509
RE1,1561.477906
AL2,1561.478342
DE2,1565.521699
DL2,1565.522240
DW2,1565.522698
RE2,1565.523124
AW4,1565.668173
DE3,1568.564599
DE4,1571.357689
DW4,1571.358248
RE4,1571.358753
RE1,1571.497885
AW1,1571.498471
AL1,1571.498912
CD0,1571.499710
DE1,1575.491711
DL1,1575.492285
DW1,1575.492722
RE1,1575.493098
CA1,1575.638633
AW1,1575.639688
DW1,1575.775061
AW2,1575.775247
AL2,1575.775406
DE1,1575.776141
DE2,1578.866146
DL2,1578.866690
DW2,1578.867141
RE2,1578.867553
AW4,1579.008068
DE3,1582.012212
DE4,1584.211501
DW4,1584.211845
RE4,1584.211995
AW1,1584.347803
AL1,1584.347982
CD0,1584.348725
DE1,1588.124982
DL1,1588.125369
DW1,1588.125667
RE1,1588.125778
CA1,1588.255221
AW1,1588.255639
DW1,1588.392751
AW2,1588.392938
AL2,1588.393099
DE1,1588.393790
DE2,1594.485139
DL2,1594.485426
DW2,1594.485660
RE2,1594.485802
AW3,1594.616032
DE3,1597.543506
DW3,1597.544182
RE3,1597.544634
AW1,1597.687599
AL1,1597.688129
CD0,1597.688878
DE1,1601.252963
DL1,1601.253572
DW1,1601.254086
RE1,1601.254486
CA4,1601.457267
AW1,1601.458368
DE1,1601.463717
DW1,1601.464297
RE1,1601.464683
AW2,1601.577773
AL2,1601.578276
DE2,1604.530693
DL2,1604.531194
DW2,1604.531677
RE2,1604.532056
AW6,1604.677329
DE3,1608.176880
DW6,1608.313080
CD0,1608.313857
DE4,1610.623168
DE1,1617.954577
AW1,1618.308399
AL1,1618.308644
CD0,1618.309466
DE1,1619.351102
DL1,1619.351661
DW1,1619.352098
RE1,1619.352526
CA1,1619.498933
AW1,1619.500084
DW1,1619.634687
AW2,1619.634856
AL2,1619.634999
DE1,1619.635707
DE2,1624.320313
DL2,1624.320847
DW2,1624.321336
RE2,1624.321718
AW4,1624.589578
DE5,1627.724447
DW4,1627.866359
CD0,1627.867118
DE1,1631.753258
DE1,1635.764871
AW1,1637.854787
AL1,1637.855044
CD0,1637.855827
DE1,1638.608147
DL1,1638.608469
DW1,1638.608676
RE1,1638.608818
CA4,1638.739691
AW1,1638.740249
DW1,1638.861642
AL2,1638.861896
DE1,1639.005224
AW2,1640.065073
DE2,1643.515897
DL2,1643.516498
DW2,1643.516963
RE2,1643.517350
AW5,1643.647446
DE5,1647.872201
DW5,1647.872566
RE5,1647.872741
RE1,1648.025624
CD0,1648.027769
AW1,1648.140499
AL1,1648.140700
DE5,1651.842448
DE1,1656.977412
DL1,1656.977687
DW1,1656.977854
RE1,1656.977958
CA1,1657.108223
AW1,1657.108644
DW1,1657.230299
AW2,1657.230494
DE1,1657.231285
AL2,1657.231456
DE1,1661.305204
DE2,1663.163820
DL2,1663.164225
DW2,1663.164446
RE2,1663.164587
AW3,1663.295045
DE3,1667.780017
DW3,1667.780615
RE3,1667.781011
RE1,1667.919310
AW1,1667.919855
AL1,1667.920305
CD0,1667.921066
DE1,1672.857311
DL1,1672.857864
DW1,1672.858308
RE1,1672.858688
CA1,1672.977050
AW1,1672.978100
DE1,1673.240841
DW1,1673.241314
RE1,1673.242249
AW2,1673.356763
AL2,1673.356955
DE2,1676.786426
DL2,1676.928930
DW2,1676.929433
AW3,1676.929864
DE3,1679.821769
DW3,1679.822360
RE3,1679.822781
AW1,1679.962808
AL1,1679.963300
CD0,1679.964154
DE1,1683.987466
DL1,1683.988036
DW1,1683.988480
RE1,1683.988862
CA4,1684.107226
AW1,1684.108293
DE2,1687.025641
AW5,1687.169240
DW1,1687.287861
DE5,1690.027359
DW5,1690.027676
RE5,1690.027786
AW1,1690.163524
RE1,1690.163673
AL1,1690.163836
CD0,1690.164672
DE5,1694.007140
DE1,1698.721987
DL1,1698.722245
DW1,1698.722405
RE1,1698.722505
CA1,1698.834712
AW1,1698.835087
DE1,1698.978068
DW1,1698.978280
RE1,1698.978384
DE2,1703.119636
AW3,1703.250473
DE3,1705.427134
DW3,1705.427420
RE3,1705.427520
RE1,1705.555211
AW1,1705.555768
AL1,1705.556208
CD0,1705.556968
DE1,1710.862082
DL1,1710.862508
DW1,1710.862820
RE1,1710.863060
CA4,1710.978967
AW1,1710.979386
DW1,1714.038276
AW2,1714.038521
AL2,1714.038754
DE2,1714.726256
DL2,1714.726550
DW2,1714.726799
RE2,1714.726961
AW6,1714.857417
DE3,1721.477884
DW6,1721.604896
CD0,1721.605642
DE1,1724.115479
DE1,1729.352238
AW1,1731.617969
AL1,1731.618454
CD0,1731.619263
DE1,1732.234829
DL1,1732.235414
DW1,1732.235854
RE1,1732.236249
CA1,1732.353339
AW1,1732.353842
DE1,1732.632541
DW1,1732.633078
RE1,1732.633501
AW2,1734.435223
AL2,1734.435395
DE1,1736.721880
DE2,1738.243614
DL2,1738.244245
DW2,1738.244778
RE2,1738.245165
AW4,1738.389004
DE5,1741.503862
DW4,1741.645495
CD0,1741.646297
DE1,1747.974913
AW1,1751.639335
AL1,1751.639556
CD0,1751.640329
DE1,1752.561415
DL1,1752.561685
DW1,1752.561854
RE1,1752.561957
CA4,1752.692142
AW1,1752.692564
DW1,1752.876181
DE1,1752.877038
AW2,1754.046824
AL2,1754.047084
DE1,1757.060596
DE2,1760.064852
DL2,1760.065426
DW2,1760.065897
RE2,1760.066285
AW6,1760.198690
DE5,1763.580524
DE6,1765.909694
DW6,1765.910203
RE6,1765.910481
RE1,1766.052054
AW1,1766.052503
AL1,1766.052823
CD0,1766.053632
DE6,1769.881022
DE1,1773.098548
DL1,1773.098979
DW1,1773.099285
RE1,1773.099543
CA4,1773.245348
AW1,1773.246149
DW1,1773.366989
AW2,1773.367186
AL2,1773.367338
DE1,1774.961643
DE2,1777.034291
DL2,1777.034531
DW2,1777.034684
RE2,1777.034784
AW6,1777.176052
DE5,1780.054128
DE6,1782.287841
DW6,1782.288442
RE6,1782.288838
AW1,1782.427338
AL1,1782.427846
CD0,1782.428618
DE1,1787.761683
DL1,1787.762251
DW1,1787.762706
RE1,1787.763093
CA4,1787.881727
AW1,1787.882800
DE1,1788.032321
DW1,1788.032842
RE1,1788.033237
AW2,1790.716996
AL2,1790.717181
DE2,1791.761442
DL2,1791.762010
DW2,1791.762467
RE2,1791.762855
AW5,1791.903936
DE5,1795.347229
DW5,1795.347830
RE5,1795.348228
AL1,1795.486712
CD0,1795.489122
AW1,1795.606558
DE5,1799.335099
DE1,1802.434674
DL1,1802.435209
DW1,1802.435656
RE1,1802.436041
CA1,1802.554429
AW1,1802.555524
DE1,1802.768587
DW1,1802.769086
RE1,1802.769483
AW2,1806.011522
AL2,1806.011714
DE2,1807.051899
DL2,1807.052169
DW2,1807.052367
RE2,1807.052509
AW3,1807.205535
DE3,1810.348765
DW3,1810.349151
RE3,1810.349311
RE1,1810.474264
AW1,1810.474638
AL1,1810.474850
CD0,1810.475617
DE1,1814.506264
DL1,1814.506584
DW1,1814.506794
RE1,1814.506942
CA4,1814.619072
AW1,1814.620175
DW1,1816.179295
AW2,1816.179787
AL2,1816.180237
DE2,1818.035975
DL2,1818.036533
DW2,1818.036978
RE2,1818.037367
AW6,1818.183552
DE5,1822.444671
DE6,1824.630653
DW6,1824.631113
RE6,1824.631401
RE1,1824.769703
AW1,1824.770039
AL1,1824.770243
CD0,1824.771010
DE1,1831.663184
DL1,1831.663504
DW1,1831.663713
RE1,1831.663858
CA4,1831.776125
AW1,1831.776665
DE1,1831.933003
DW1,1831.933323
RE1,1831.933478
DE1,1836.093377
AW2,1836.781849
AL2,1836.782101
DE2,1837.599769
DL2,1837.600070
DW2,1837.600300
RE2,1837.600444
AW6,1837.730413
DE5,1840.427278
DE6,1842.834228
DW6,1842.834808
RE6,1842.835209
AW1,1842.977400
AL1,1842.977901
CD0,1842.978678
DE1,1847.706401
DL1,1847.706988
DW1,1847.707445
RE1,1847.707833
CA4,1847.838122
AW1,1847.838535
AL2,1847.959179
DE1,1847.960017
DW1,1847.960192
RE1,1847.960293
AW2,1849.127145
DE2,1851.575711
DL2,1851.575995
DW2,1851.576194
RE2,1851.576336
AW6,1851.698091
DE5,1854.639504
DE6,1856.935066
DW6,1856.935636
RE6,1856.936026
AW1,1857.062434
AL1,1857.062927
CD0,1857.063687
DE1,1861.818505
DL1,1861.819030
DW1,1861.819476
RE1,1861.819860
CA4,1861.935555
AW1,1861.935984
DE1,1862.104875
DW1,1862.105399
RE1,1862.105787
AW2,1862.502431
AL2,1862.502614
DE2,1865.666823
DL2,1865.667334
DW2,1865.667769
RE2,1865.668152
AW5,1865.814277
DE5,1868.614604
DW5,1868.615201
RE5,1868.615600
AW1,1868.756740
AL1,1868.757222
CD0,1868.757985
DE1,1873.088808
DL1,1873.089091
DW1,1873.089258
RE1,1873.089360
CA1,1873.220763
AW1,1873.221191
DW1,1873.342114
AW2,1873.342476
AL2,1873.342773
DE1,1873.486014
DE2,1876.123018
DL2,1876.123326
DW2,1876.123525
RE2,1876.123666
AW3,1876.266351
DE3,1879.373743
DW3,1879.374179
RE3,1879.374337
RE1,1879.497140
AW1,1879.497483
AL1,1879.497688
CD0,1879.498444
DE1,1883.241893
DL1,1883.242210
DW1,1883.242419
RE1,1883.242562
CA1,1883.373418
AW1,1883.373940
DW1,1883.496731
AW2,1883.497225
AL2,1883.497663
DE2,1888.958045
DL2,1888.958594
DW2,1888.959036
RE2,1888.959422
AW4,1889.088434
DE3,1892.121351
DE4,1894.872419
DW4,1894.872819
RE4,1894.873000
AW1,1894.998502
AL1,1894.998693
CD0,1894.999449
DE1,1898.672967
DL1,1898.673290
DW1,1898.673499
RE1,1898.673646
CA4,1898.785861
AW1,1898.786432
DE1,1898.929591
DW1,1898.929904
RE1,1898.930050
DE2,1902.448269
AW6,1902.577181
DE5,1904.928868
DE6,1906.888792
DW6,1906.889164
RE6,1906.889327
RE1,1907.012414
AW1,1907.012768
AL1,1907.012969
CD0,1907.013724
DE1,1911.779374
DL1,1911.779950
DW1,1911.780407
RE1,1911.780791
CA1,1911.911658
AW1,1911.912728
DW1,1912.031941
AW2,1912.032431
AL2,1912.032864
DE1,1912.734787
DE2,1915.898479
DL2,1915.898726
DW2,1915.898884
RE2,1915.898983
AW4,1916.030226
DE3,1922.631713
DE4,1924.975552
DW4,1924.975911
RE4,1924.976064
RE1,1925.099792
AW1,1925.100379
AL1,1925.100821
CD0,1925.101625
DE1,1929.814549
DL1,1929.815148
DW1,1929.815608
RE1,1929.816027
CA4,1929.959013
AW1,1929.960140
DW1,1930.082435
AW2,1930.082609
AL2,1930.082765
DE1,1930.083535
DE2,1934.075682
DL2,1934.076210
DW2,1934.076688
RE2,1934.077090
AW5,1934.218730
DE5,1939.746892
DW5,1939.747541
RE5,1939.747982
RE1,1939.888614
AW1,1939.889212
AL1,1939.889719
CD0,1939.890481
DE5,1943.718538
DE1,1946.075357
DL1,1946.075933
DW1,1946.076378
RE1,1946.076807
CA4,1946.205632
AW1,1946.206052
DE1,1946.487374
DW1,1946.487599
RE1,1946.487703
AW2,1947.547352
AL2,1947.547601
DE2,1950.643411
DL2,1950.643704
DW2,1950.643917
RE2,1950.644144
AW5,1950.786517
DE5,1953.814704
DW5,1953.815066
RE5,1953.815218
AW1,1953.938165
AL1,1953.938652
CD0,1953.939414
DE5,1957.800985
DE1,1960.882082
DL1,1960.882643
DW1,1960.883086
RE1,1960.883462
CA4,1961.001767
AW1,1961.002833
DE1,1961.121068
DW1,1961.121265
RE1,1961.121364
AW2,1964.761288
AL2,1964.761476
DE2,1965.227472
DL2,1965.228000
DW2,1965.228443
RE2,1965.228822
AW5,1965.375177
DE5,1968.703628
DW5,1968.704319
RE5,1968.704722
AW1,1968.847005
AL1,1968.847503
CD0,1968.848260
DE1,1976.559202
DL1,1976.559746
DW1,1976.560186
RE1,1976.560568
CA1,1976.679046
AW1,1976.680109
DE1,1976.830380
DW1,1976.830891
RE1,1976.831275
AW2,1980.022388
AL2,1980.022572
DE2,1980.472898
DL2,1980.473433
DW2,1980.473875
RE2,1980.474349
AW3,1980.618019
DE3,1984.157940
DW3,1984.158566
RE3,1984.158954
RE1,1984.297432
AW1,1984.297996
AL1,1984.298444
CD0,1984.299209
DE1,1988.732346
DL1,1988.732898
DW1,1988.733336
RE1,1988.733715
CA1,1988.852144
AW1,1988.853206
DW1,1990.129449
AW2,1990.129709
AL2,1990.129948
DE2,1992.524826
DL2,1992.525139
DW2,1992.525339
RE2,1992.525503
AW4,1992.656642
DE3,1995.890650
DE4,1998.067168
DW4,1998.067771
RE4,1998.068192
AW1,1998.208055
AL1,1998.208573
CD0,1998.209465
DE1,2001.973155
DL1,2001.973787
DW1,2001.974335
RE1,2001.974740
CA1,2002.118521
AW1,2002.119625
DW1,2002.242564
AW2,2002.242740
AL2,2002.242885
DE1,2002.243728
DE2,2004.429946
DL2,2004.430535
DW2,2004.430976
RE2,2004.431357
AW3,2004.578705
DE3,2007.982196
DW3,2007.982794
RE3,2007.983305
AW1,2008.123453
AL1,2008.124077
CD0,2008.124895
DE1,2012.231838
DL1,2012.232419
DW1,2012.232909
RE1,2012.233289
CA1,2012.379827
AW1,2012.380897
DE1,2012.503627
DW1,2012.503814
RE1,2012.503912
AW2,2012.504114
AL2,2012.504254
DE2,2016.114455
DL2,2016.115000
DW2,2016.115481
RE2,2016.115901
AW3,2016.258740
DE5,2019.600042
DW3,2019.734663
CD0,2019.735489
DE1,2027.149678
AW1,2029.727160
AL1,2029.727368
CD0,2029.728131
DE1,2030.128793
DL1,2030.129056
DW1,2030.129219
RE1,2030.129325
CA4,2030.241519
AW1,2030.241937
DE1,2030.571378
DW1,2030.571563
RE1,2030.571665
AW2,2030.684345
AL2,2030.684533
DE1,2034.743545
DE2,2037.430712
DL2,2037.431048
DW2,2037.431252
RE2,2037.431395
AW5,2037.562518
DE5,2041.277334
DW5,2041.277934
RE5,2041.278330
RE1,2041.417537
AW1,2041.418068
AL1,2041.418505
CD0,2041.419264
DE5,2045.253503
DE1,2048.728373
DL1,2048.728933
DW1,2048.729372
RE1,2048.729752
CA1,2048.876162
AW1,2048.877210
DW1,2048.997694
AW2,2048.997871
AL2,2048.998016
DE1,2049.110467
DE2,2052.722594
DL2,2052.723127
DW2,2052.723573
RE2,2052.724041
AW4,2052.866898
DE3,2055.901533
DE4,2059.062731
DW4,2059.063184
RE4,2059.063431
RE1,2059.202169
AW1,2059.202502
AL1,2059.202704
CD0,2059.203457
DE1,2063.386635
DL1,2063.386951
DW1,2063.387161
RE1,2063.387306
CA4,2063.499448
AW1,2063.499931
DE1,2063.674970
DW1,2063.675276
RE1,2063.675423
AW2,2066.450465
AL2,2066.450695
DE2,2067.581023
DL2,2067.581324
DW2,2067.581524
RE2,2067.581664
AW5,2067.709537
DE5,2071.975066
DW5,2071.975667
RE5,2071.976089
RE1,2072.102289
AW1,2072.102855
AL1,2072.103304
CD0,2072.104154
DE1,2077.081283
DL1,2077.081838
DW1,2077.082282
RE1,2077.082661
CA4,2077.201097
AW1,2077.202116
DE2,2081.801269
AW5,2081.935036
DW1,2081.937797
DE5,2084.102612
DW5,2084.102939
RE5,2084.103068
CD0,2084.244784
AW1,2084.363568
AL1,2084.363785
DE5,2088.086904
DE1,2090.618112
DL1,2090.618683
DW1,2090.619125
RE1,2090.619504
CA1,2090.766410
AW1,2090.767384
DE1,2090.889878
DW1,2090.890075
RE1,2090.890171
AW2,2090.890307
AL2,2090.890447
DE1,2094.949016
DE2,2097.638851
DL2,2097.639122
DW2,2097.639282
RE2,2097.639381
AW4,2097.770643
DE5,2101.027509
DW4,2101.166690
CD0,2101.167456
DE1,2104.916457
DE1,2109.678679
AW1,2111.173261
AL1,2111.173516
CD0,2111.174356
DE1,2111.713059
DL1,2111.713365
DW1,2111.713570
RE1,2111.713718
CA4,2111.856695
AW1,2111.857097
DW1,2111.973179
AW2,2111.973376
AL2,2111.973526
DE1,2112.158786
DE1,2116.333844
DE2,2121.516420
DL2,2121.516686
DW2,2121.516882
RE2,2121.517024
AW5,2121.649796
DE5,2125.070636
DW5,2125.071019
RE5,2125.071185
RE1,2125.194238
AW1,2125.194594
AL1,2125.194799
CD0,2125.195555
DE1,2130.346229
DL1,2130.346555
DW1,2130.346760
RE1,2130.346900
CA1,2130.459089
AW1,2130.459641
DE1,2130.617440
DW1,2130.617946
RE1,2130.618337
AW2,2132.898330
AL2,2132.898568
DE2,2137.389964
DL2,2137.390492
DW2,2137.390934
RE2,2137.391313
AW3,2137.520216
DE3,2140.674740
DW3,2140.675407
RE3,2140.675893
RE1,2140.813622
AW1,2140.813994
AL1,2140.814241
CD0,2140.814631
DE1,2144.859573
DL1,2144.860138
DW1,2144.860617
RE1,2144.861052
CA1,2145.007504
AW1,2145.008612
DW1,2145.129058
AW2,2145.129250
AL2,2145.129396
DE1,2146.996560
DE2,2148.337316
DL2,2148.337871
DW2,2148.338331
RE2,2148.338717
AW3,2148.486009
DE3,2151.624870
DW3,2151.625488
RE3,2151.625882
AW1,2151.763182
AL1,2151.763537
CD0,2151.764387
DE1,2155.851036
DL1,2155.851466
DW1,2155.851776
RE1,2155.852017
CA4,2155.970494
AW1,2155.971256
DW1,2158.309953
AW2,2158.310130
AL2,2158.310276
DE2,2158.484047
DL2,2158.484318
DW2,2158.484517
RE2,2158.484698
AW5,2158.615430
DE3,2162.527637
DW5,2162.657939
CD0,2162.658736
DE1,2165.934015
DE1,2172.676651
AW1,2172.677531
AL1,2172.678296
CD0,2172.683344
CA1,2172.880460
DL1,2172.881168
DW1,2172.881648
AW1,2172.882401
DW1,2172.882833
DL1,2172.883262
AW2,2172.883684
AL2,2172.884190
DE1,2172.885300
DE2,2177.692240
DL2,2177.692527
DW2,2177.692684
RE2,2177.692802
AW3,2177.824042
DE3,2182.163190
DW3,2182.163647
RE3,2182.163815
RE1,2182.302680
AW1,2182.302999
AL1,2182.303217
CD0,2182.304142
DE1,2186.168153
DL1,2186.168495
DW1,2186.168738
RE1,2186.168881
CA4,2186.403663
AW1,2186.404243
DE1,2186.409649
DW1,2186.410130
RE1,2186.410546
AW2,2186.525118
AL2,2186.525318
DE2,2189.851858
DL2,2189.852423
DW2,2189.852922
RE2,2189.853307
AW6,2189.998368
DE5,2193.097061
DE6,2195.282581
DW6,2195.283178
RE6,2195.283577
RE1,2195.425607
AW1,2195.426220
AL1,2195.426691
CD0,2195.427525
DE6,2199.254220
DE1,2201.881566
DL1,2201.882128
DW1,2201.882580
RE1,2201.882999
CA1,2202.026993
AW1,2202.027398
DW1,2202.149589
AW2,2202.149787
AL2,2202.149946
DE1,2202.276349
DE2,2205.886087
DL2,2205.886672
DW2,2205.887113
RE2,2205.887494
AW3,2206.034680
DE3,2209.176702
DW3,2209.177326
RE3,2209.177744
RE1,2209.318237
AW1,2209.318833
AL1,2209.319277
CD0,2209.320115
DE1,2213.374515
DL1,2213.375102
DW1,2213.375542
RE1,2213.375958
CA4,2213.519011
AW1,2213.520088
DW1,2213.641643
AW2,2213.641809
AL2,2213.641965
DE2,2216.804525
DL2,2216.805072
DW2,2216.805522
RE2,2216.805937
AW6,2216.948072
DE5,2220.062538
DE6,2222.311247
DW6,2222.311845
RE6,2222.312244
RE1,2222.453439
AW1,2222.454071
AL1,2222.454520
CD0,2222.455324
DE1,2227.138420
DL1,2227.139027
DW1,2227.139469
RE1,2227.139848
CA4,2227.285591
AW1,2227.286612
DW1,2227.406900
AW2,2227.407081
AL2,2227.407242
DE1,2227.822973
DE2,2230.630029
DL2,2230.630537
DW2,2230.630971
RE2,2230.631402
AW5,2230.774315
DE5,2233.503518
DW5,2233.504211
RE5,2233.504608
AW1,2233.641357
AL1,2233.641829
CD0,2233.642643
DE1,2239.523012
DL1,2239.523573
DW1,2239.524102
RE1,2239.524539
CA4,2239.668278
AW1,2239.669379
DW1,2239.868033
AW2,2239.868562
AL2,2239.869020
DE1,2239.870068
DE2,2242.903047
DL2,2242.903424
DW2,2242.903738
RE2,2242.904067
AW6,2243.033482
DE5,2246.178888
DE6,2248.522141
DW6,2248.522734
RE6,2248.523119
AW1,2248.663746
AL1,2248.664297
CD0,2248.665107
DE1,2253.236800
DL1,2253.237375
DW1,2253.237844
RE1,2253.238244
CA1,2253.366706
AW1,2253.367421
DW1,2253.488336
AW2,2253.488518
AL2,2253.488696
DE1,2253.616155
DE2,2255.922554
DL2,2255.922866
DW2,2255.923065
RE2,2255.923205
AW3,2256.067318
DE3,2259.928922
DW3,2259.929324
RE3,2259.929476
RE1,2260.068418
AW1,2260.068729
AL1,2260.068966
CD0,2260.069714
DE1,2266.570265
DL1,2266.570555
DW1,2266.570770
RE1,2266.570929
CA1,2266.701734
AW1,2266.702785
DW1,2266.885843
AW2,2266.886354
AL2,2266.886789
DE1,2266.887872
DE1,2270.976823
DE2,2274.914934
DL2,2274.915460
DW2,2274.915897
RE2,2274.916340
AW4,2275.044621
DE3,2279.867147
DE1,2284.715018
DE2,2288.469372
DE3,2291.733541
DE4,2296.088159
DW4,2296.088497
RE4,2296.088651
AW1,2296.212106
AL1,2296.212582
CD0,2296.213338
DE1,2300.564355
DL1,2300.564895
DW1,2300.565333
RE1,2300.565713
CA1,2300.707788
AW1,2300.708796
DW1,2301.011818
AW2,2301.012294
AL2,2301.012725
DE1,2301.013715
DE2,2304.384760
DL2,2304.385264
DW2,2304.385698
RE2,2304.386075
AW3,2304.528829
DE3,2307.604964
DW3,2307.605525
RE3,2307.605917
AW1,2307.745025
AL1,2307.745500
CD0,2307.746253
DE1,2312.189219
DL1,2312.189741
DW1,2312.190178
RE1,2312.190556
CA4,2312.335510
AW1,2312.336496
DW1,2312.457195
AW2,2312.457366
AL2,2312.457507
DE2,2316.643416
DL2,2316.643924
DW2,2316.644458
RE2,2316.644837
AW5,2316.788080
DE5,2320.472668
DW5,2320.473222
RE5,2320.473637
RE1,2320.612007
CD0,2320.615367
AW1,2320.731319
AL1,2320.731493
DE5,2324.462984
DE1,2328.064320
DL1,2328.064891
DW1,2328.065336
RE1,2328.065717
CA1,2328.207959
AW1,2328.208956
DE1,2328.331184
DW1,2328.331360
RE1,2328.331458
AW2,2328.331592
AL2,2328.331732
DE2,2332.686336
DL2,2332.686846
DW2,2332.687283
RE2,2332.687663
AW3,2332.828344
DE3,2336.211995
DW3,2336.212557
RE3,2336.212944
RE1,2336.350000
AW1,2336.350530
AL1,2336.350964
CD0,2336.351713
DE1,2340.442498
DL1,2340.443023
DW1,2340.443462
RE1,2340.443842
CA4,2340.587794
AW1,2340.588773
DW1,2340.711280
AW2,2340.711450
DE1,2340.712145
AL2,2340.712312
DE2,2344.296871
DL2,2344.297376
DW2,2344.297813
RE2,2344.298192
AW6,2344.442822
DE5,2347.909665
DE6,2350.205150
DW6,2350.205714
RE6,2350.206108
RE1,2350.345036
AW1,2350.345567
AL1,2350.346002
CD0,2350.346751
DE1,2354.791283
DL1,2354.791812
DW1,2354.792248
RE1,2354.792628
CA4,2354.937517
AW1,2354.938501
DW1,2355.060585
AW2,2355.060750
AL2,2355.060891
DE1,2355.061584
DE2,2360.280815
DL2,2360.281109
DW2,2360.281321
RE2,2360.281460
AW6,2360.412166
DE5,2363.635817
DE6,2366.076187
DW6,2366.076512
RE6,2366.077804
AW1,2366.200235
AL1,2366.200710
CD0,2366.201465
DE1,2371.704393
DL1,2371.704931
DW1,2371.705366
RE1,2371.705745
CA1,2371.847931
AW1,2371.848922
DW1,2371.972029
AW2,2371.972198
AL2,2371.972342
DE1,2371.973038
DE2,2374.902140
DL2,2374.902644
DW2,2374.903079
RE2,2374.903457
AW3,2375.048557
DE3,2379.180526
DW3,2379.181083
RE3,2379.181471
RE1,2379.318584
AW1,2379.319007
AL1,2379.319322
CD0,2379.320128
DE1,2383.667431
DL1,2383.667722
DW1,2383.667925
RE1,2383.668065
CA1,2383.811166
AW1,2383.811631
DW1,2383.934305
AW2,2383.934467
AL2,2383.934611
DE2,2387.019741
DL2,2387.020017
DW2,2387.020212
RE2,2387.020354
AW3,2387.149929
DE3,2390.169284
DW3,2390.169868
RE3,2390.170258
AW1,2390.308457
AL1,2390.308933
CD0,2390.309682
DE1,2393.972049
DL1,2393.972572
DW1,2393.973012
RE1,2393.973388
CA4,2394.104712
AW1,2394.105717
DW1,2394.223932
AW2,2394.224497
AL2,2394.224941
DE1,2394.367652
DE2,2397.196773
DL2,2397.197003
DW2,2397.197175
RE2,2397.197293
AW5,2397.454431
DE5,2400.610216
DW5,2400.610488
RE5,2400.610593
RE1,2400.735974
AW1,2400.736395
AL1,2400.736693
CD0,2400.737499
DE1,2406.220031
DL1,2406.220335
DW1,2406.220536
RE1,2406.220678
CA1,2406.363813
AW1,2406.364336
DW1,2406.480492
AW2,2406.480720
AL2,2406.480913
DE1,2408.530422
DE2,2410.003715
DL2,2410.004077
DW2,2410.004283
RE2,2410.004425
AW3,2410.134596
DE3,2413.622365
DW3,2413.622942
RE3,2413.623333
RE1,2413.750121
AW1,2413.750652
AL1,2413.751089
CD0,2413.751845
DE1,2417.554195
DL1,2417.554445
DW1,2417.554600
RE1,2417.554698
CA1,2417.697334
AW1,2417.697719
DW1,2417.816143
AW2,2417.816321
DE1,2417.817062
AL2,2417.817243
DE2,2421.639193
DL2,2421.639442
DW2,2421.639614
RE2,2421.639714
AW3,2421.768135
DE3,2425.001151
DW3,2425.001708
RE3,2425.002118
CD0,2425.142522
AW1,2425.259401
AL1,2425.259578
DE1,2428.628870
DL1,2428.629400
DW1,2428.629841
RE1,2428.630219
CA1,2428.745655
AW1,2428.746047
DE1,2429.026155
DW1,2429.026349
RE1,2429.026453
DE2,2432.559769
AW4,2432.691386
DE3,2435.435886
DE4,2438.244798
DW4,2438.245120
RE4,2438.245315
AW1,2438.382761
CD0,2438.385316
AL1,2438.502005
DE1,2441.998425
DL1,2441.999012
DW1,2441.999452
RE1,2441.999877
CA1,2442.145445
AW1,2442.146489
DW1,2442.281710
AW2,2442.281907
AL2,2442.282068
DE1,2442.282759
DE2,2444.861237
DL2,2444.861745
DW2,2444.862213
RE2,2444.862609
AW4,2445.009137
DE3,2447.930171
DE4,2450.290198
DW4,2450.290786
RE4,2450.291255
AW1,2450.427465
AL1,2450.427981
CD0,2450.428774
DE1,2454.315147
DL1,2454.315430
DW1,2454.315649
RE1,2454.315809
CA4,2454.457506
AW1,2454.457972
DW1,2454.599306
AW2,2454.599503
AL2,2454.599662
DE1,2454.600354
DE2,2457.668354
DL2,2457.668661
DW2,2457.668863
RE2,2457.669003
AW6,2457.819397
DE5,2461.104144
DE6,2463.242511
DW6,2463.242831
RE6,2463.242981
RE1,2463.367326
AW1,2463.367861
AL1,2463.368348
CD0,2463.369103
DE1,2468.898594
DL1,2468.899170
DW1,2468.899625
RE1,2468.900021
CA4,2469.045173
AW1,2469.046179
DW1,2469.167172
AW2,2469.167352
AL2,2469.167513
DE2,2472.694441
DL2,2472.695033
DW2,2472.695473
RE2,2472.695851
AW6,2472.822017
DE5,2476.061540
DE6,2478.389855
DW6,2478.390416
RE6,2478.390928
AW1,2478.527032
AL1,2478.527280
CD0,2478.527662
DE1,2483.194436
DL1,2483.195020
DW1,2483.195457
RE1,2483.195911
CA4,2483.338390
AW1,2483.339422
DW1,2483.461890
AW2,2483.462058
AL2,2483.462201
DE2,2485.986612
DL2,2485.987115
DW2,2485.987572
RE2,2485.987988
AW5,2486.131033
DE5,2490.353515
DW5,2490.354193
RE5,2490.354624
CD0,2490.496264
AW1,2490.614031
AL1,2490.614211
DE5,2494.337000
DE1,2498.925930
DL1,2498.926505
DW1,2498.926979
RE1,2498.927361
CA1,2499.042614
AW1,2499.042990
DE1,2499.180105
DW1,2499.180286
RE1,2499.180382
AW2,2500.241247
AL2,2500.241420
DE2,2503.486545
DL2,2503.486823
DW2,2503.487025
RE2,2503.487166
AW4,2503.609938
DE3,2506.962865
DE4,2510.191051
DW4,2510.191617
RE4,2510.192004
RE1,2510.345234
AW1,2510.345761
AL1,2510.346200
CD0,2510.346949
DE1,2514.334751
DL1,2514.334992
DW1,2514.335149
RE1,2514.335248
CA4,2514.477527
AW1,2514.477904
DW1,2514.602296
AW2,2514.602474
AL2,2514.602639
DE1,2514.603397
DE2,2518.124939
DL2,2518.125173
DW2,2518.125377
RE2,2518.125478
AW5,2518.373140
DE5,2521.906070
DW5,2521.906406
RE5,2521.906595
RE1,2522.031801
AW1,2522.032336
AL1,2522.032777
CD0,2522.033529
DE5,2525.882324
DE1,2529.884946
DL1,2529.885470
DW1,2529.885911
RE1,2529.886287
CA4,2530.028237
AW1,2530.029245
DW1,2530.262805
AW2,2530.262972
AL2,2530.263115
DE1,2530.263780
DE2,2533.593317
DL2,2533.593824
DW2,2533.594330
RE2,2533.594712
AW6,2533.738474
DE5,2536.709419
DE6,2539.062680
DW6,2539.063242
RE6,2539.063631
AW1,2539.196931
AL1,2539.197401
CD0,2539.198153
DE1,2544.198068
DL1,2544.198599
DW1,2544.199039
RE1,2544.199428
CA4,2544.344651
AW1,2544.345630
DW1,2544.467052
AW2,2544.467220
AL2,2544.467361
DE1,2544.579646
DE2,2546.946150
DL2,2546.946519
DW2,2546.946817
RE2,2546.947052
AW6,2547.089303
DE5,2550.270252
DE6,2552.932206
DW6,2552.932783
RE6,2552.933172
AW1,2553.073758
AL1,2553.074307
CD0,2553.075120
DE1,2557.685571
DL1,2557.686142
DW1,2557.686616
RE1,2557.687028
CA4,2557.828410
AW1,2557.829465
DW1,2557.953144
AW2,2557.953331
AL2,2557.953488
DE1,2557.954312
DE2,2560.558563
DL2,2560.559072
DW2,2560.559556
RE2,2560.559936
AW6,2560.705017
DE5,2563.831611
DE6,2567.822030
DW6,2567.822717
RE6,2567.823108
AW1,2567.964427
AL1,2567.964957
CD0,2567.965736
DE1,2574.837238
DL1,2574.837792
DW1,2574.838254
RE1,2574.838684
CA1,2574.983927
AW1,2574.985024
DW1,2575.106189
AW2,2575.106358
AL2,2575.106503
DE1,2575.107273
DE2,2578.504790
DL2,2578.505322
DW2,2578.505756
RE2,2578.506186
AW4,2578.648255
DE3,2582.369010
DE4,2584.698577
DW4,2584.699151
RE4,2584.699649
RE1,2584.829933
AW1,2584.830456
AL1,2584.830892
CD0,2584.831643
DE1,2588.491419
DL1,2588.491730
DW1,2588.491933
RE1,2588.492076
CA4,2588.622342
AW1,2588.622859
DW1,2588.774740
DE1,2588.775508
AW2,2589.946970
AL2,2589.947235
DE2,2592.325290
DL2,2592.325579
DW2,2592.325777
RE2,2592.325918
AW5,2592.467790
DE5,2595.403399
DW5,2595.403721
RE5,2595.403870
RE1,2595.528134
AW1,2595.528665
AL1,2595.529151
CD0,2595.529909
DE5,2599.394637
DE1,2602.179934
DL1,2602.180464
DW1,2602.180915
RE1,2602.181330
CA1,2602.325470
AW1,2602.326518
DW1,2602.559251
AW2,2602.559721
AL2,2602.560167
DE1,2602.561963
DE2,2606.194348
DL2,2606.194609
DW2,2606.194815
RE2,2606.194991
AW4,2606.341839
DE3,2609.901057
DE4,2612.174504
DW4,2612.175069
RE4,2612.175490
RE1,2612.320378
AW1,2612.320962
AL1,2612.321422
CD0,2612.322228
DE1,2616.084638
DL1,2616.085224
DW1,2616.085664
RE1,2616.086076
CA4,2616.228600
AW1,2616.229615
DW1,2616.351442
AW2,2616.351610
AL2,2616.351753
DE1,2616.512144
DE2,2620.467057
DL2,2620.467571
DW2,2620.468056
RE2,2620.468439
AW6,2620.614552
DE5,2623.679543
DE6,2625.864094
DW6,2625.864664
RE6,2625.865086
RE1,2626.002571
AW1,2626.003133
AL1,2626.003584
CD0,2626.004470
DE1,2630.291781
DL1,2630.292373
DW1,2630.292811
RE1,2630.293193
CA4,2630.438901
AW1,2630.439935
DW1,2630.560275
AW2,2630.560457
AL2,2630.560634
DE2,2634.044053
DL2,2634.044597
DW2,2634.045037
RE2,2634.045465
AW6,2634.188311
DE3,2638.870196
DW6,2639.006197
CD0,2639.006977
DE4,2642.260008
DE1,2646.412232
AW1,2648.998035
AL1,2648.998272
CD0,2648.999026
DE1,2649.926826
DL1,2649.927109
DW1,2649.927309
RE1,2649.927450
CA4,2650.057226
AW1,2650.057707
DW1,2650.178567
AW2,2651.347170
AL2,2651.347671
DE2,2656.159099
DL2,2656.159600
DW2,2656.160034
RE2,2656.160413
AW6,2656.301748
DE5,2660.387930
DE6,2663.755955
DW6,2663.756516
RE6,2663.756907
AW1,2663.896254
AL1,2663.896731
CD0,2663.897485
DE1,2668.792091
DL1,2668.792614
DW1,2668.793051
RE1,2668.793432
CA1,2668.936460
AW1,2668.937438
DW1,2669.186206
AW2,2669.186680
AL2,2669.187114
DE1,2669.188791
DE2,2673.028255
DL2,2673.028757
DW2,2673.029192
RE2,2673.029569
AW4,2673.174339
DE3,2676.445690
DE4,2678.750148
DW4,2678.750732
RE4,2678.751117
RE1,2678.890860
AW1,2678.891388
AL1,2678.891824
CD0,2678.892577
DE1,2682.470380
DL1,2682.470903
DW1,2682.471339
RE1,2682.471716
CA1,2682.589758
AW1,2682.590751
DE1,2682.899907
DW1,2682.900404
RE1,2682.900784
AW2,2684.494834
AL2,2684.495007
DE2,2686.842506
DL2,2686.843015
DW2,2686.843450
RE2,2686.843829
AW3,2686.988565
DE3,2690.823740
DW3,2690.824391
RE3,2690.824787
AW1,2690.963865
AL1,2690.964418
CD0,2690.965173
DE1,2694.889319
DL1,2694.889843
DW1,2694.890281
RE1,2694.890659
CA1,2695.035384
AW1,2695.036368
DW1,2695.157058
AW2,2695.157226
AL2,2695.157368
DE2,2697.527388
DL2,2697.527895
DW2,2697.528328
RE2,2697.528705
AW4,2697.654100
DE3,2700.956223
DE4,2704.357111
DW4,2704.357679
RE4,2704.358065
AW1,2704.496745
AL1,2704.497218
CD0,2704.497968
DE1,2708.736898
DL1,2708.738008
DW1,2708.738470
RE1,2708.738851
CA1,2708.878565
AW1,2708.879567
DE1,2709.001434
DW1,2709.001616
AW2,2709.001753
AL2,2709.001894
RE1,2709.001990
DE2,2712.842216
DL2,2712.842719
DW2,2712.843155
RE2,2712.843531
AW3,2712.986948
DE3,2716.636817
DW3,2716.637383
RE3,2716.637771
AW1,2716.776660
AL1,2716.777127
CD0,2716.777876
DE1,2720.815117
DL1,2720.815640
DW1,2720.816078
RE1,2720.816456
CA4,2720.948450
AW1,2720.948827
DW1,2721.067309
AW2,2721.067483
AL2,2721.067631
DE1,2721.068333
DE2,2723.511640
DL2,2723.511849
DW2,2723.511996
RE2,2723.512095
AW5,2723.642111
DE5,2727.222879
DW5,2727.223153
RE5,2727.223257
RE1,2727.348624
AW1,2727.349023
AL1,2727.349320
CD0,2727.350076
DE5,2731.198826
DE1,2734.161796
DL1,2734.162323
DW1,2734.162759
RE1,2734.163143
CA1,2734.307699
AW1,2734.308681
DW1,2734.429397
AW2,2734.429563
AL2,2734.429706
DE2,2737.658504
DL2,2737.658778
DW2,2737.658973
RE2,2737.659116
AW4,2737.802185
DE3,2741.078158
DE4,2744.718427
DW4,2744.718755
RE4,2744.718904
AL1,2744.843903
RE1,2744.844395
CD0,2744.846629
AW1,2744.959517
DE1,2748.488032
DL1,2748.488330
DW1,2748.488545
RE1,2748.488704
CA1,2748.633411
AW1,2748.633898
DW1,2748.756185
AW2,2748.756356
AL2,2748.756500
DE1,2748.868802
DE2,2752.144826
DL2,2752.145115
DW2,2752.145314
RE2,2752.145455
AW4,2752.276735
DE3,2755.551393
DE4,2758.040677
DW4,2758.041284
RE4,2758.041676
AW1,2758.178546
AL1,2758.179019
CD0,2758.179824
DE1,2762.485603
DL1,2762.486163
DW1,2762.486600
RE1,2762.487025
CA1,2762.628329
AW1,2762.629383
DW1,2762.768972
AW2,2762.769157
AL2,2762.769317
DE1,2762.770007
DE1,2766.841154
DE2,2769.096166
DL2,2769.096451
DW2,2769.096647
RE2,2769.096787
AW4,2769.227904
DE3,2772.757098
DE4,2775.307308
DW4,2775.307649
RE4,2775.307844
AW1,2775.431915
AL1,2775.432147
CD0,2775.432912
DE1,2779.407758
DL1,2779.408016
DW1,2779.408176
RE1,2779.408279
CA1,2779.525744
AW1,2779.526233
DE1,2779.687888
DW1,2779.688139
RE1,2779.688284
AW2,2780.997645
AL2,2780.997910
DE1,2783.760548
DE2,2785.682679
DL2,2785.682949
DW2,2785.683179
RE2,2785.683341
AW3,2785.813463
DE5,2792.169779
DW3,2792.310035
CD0,2792.310770
DE1,2800.941485
AW1,2802.315119
AL1,2802.315313
CD0,2802.316062
DE1,2802.662345
DL1,2802.662881
DW1,2802.663332
RE1,2802.663745
CA1,2802.808680
AW1,2802.809717
DW1,2802.961789
AW2,2802.961970
AL2,2802.962133
DE1,2802.962864
DE1,2807.037919
DE2,2810.637357
DL2,2810.637574
DW2,2810.637726
RE2,2810.637837
AW3,2810.768146
DE2,2814.697320
DE5,2818.580508
DW3,2818.712263
CD0,2818.712988
DE1,2821.749834
AW1,2828.720104
AL1,2828.720306
CD0,2828.721062
DE1,2829.187153
DL1,2829.187464
DW1,2829.187668
RE1,2829.187809
CA1,2829.299971
AW1,2829.300387
DE1,2829.425707
DW1,2829.425898
RE1,2829.425997
AW2,2831.618500
AL2,2831.618686
DE1,2833.500640
DE2,2835.838361
DL2,2835.838653
DW2,2835.838857
RE2,2835.839001
AW3,2835.968940
DE3,2839.443525
DW3,2839.444214
RE3,2839.444622
AW1,2839.583012
AL1,2839.583503
CD0,2839.584351
DE1,2843.580118
DL1,2843.580640
DW1,2843.581079
RE1,2843.581459
CA1,2843.699778
AW1,2843.700829
DW1,2846.864108
AW2,2846.864278
AL2,2846.864421
DE2,2847.424355
DL2,2847.424910
DW2,2847.425359
RE2,2847.425743
AW3,2847.568120
DE3,2852.117656
DW3,2852.118249
RE3,2852.118638
AW1,2852.257136
AL1,2852.257627
CD0,2852.258390
DE1,2856.493401
DL1,2856.494036
DW1,2856.494492
RE1,2856.494875
CA4,2856.612929
AW1,2856.613303
DE1,2856.747526
DW1,2856.747704
RE1,2856.747800
AW2,2856.992800
AL2,2856.993006
DE2,2862.976666
DL2,2862.976901
DW2,2862.977054
RE2,2862.977153
AW5,2863.106115
DE5,2866.180713
DW5,2866.181046
RE5,2866.181197
RE1,2866.306312
AW1,2866.306652
AL1,2866.306858
CD0,2866.307619
DE1,2873.491304
DL1,2873.491557
DW1,2873.491711
RE1,2873.491811
CA4,2873.603927
AW1,2873.604439
DE1,2873.730319
DW1,2873.730516
RE1,2873.730620
DE2,2877.523780
AW2,2877.663337
AL2,2877.663574
DL2,2877.663722
DW2,2877.663866
AW6,2877.664068
DE5,2881.184930
DE6,2883.386685
DW6,2883.387067
RE6,2883.387233
AW1,2883.524119
AL1,2883.524331
CD0,2883.525122
DE1,2888.214160
DL1,2888.214759
DW1,2888.215208
RE1,2888.215601
CA4,2888.358584
AW1,2888.359703
DW1,2888.482621
AW2,2888.482829
AL2,2888.482994
DE1,2888.483749
DE2,2891.711642
DL2,2891.712247
DW2,2891.712687
RE2,2891.713093
AW5,2891.856509
DE5,2894.613592
DW5,2894.614254
RE5,2894.614698
AW1,2894.754316
AL1,2894.754639
CD0,2894.755397
DE5,2898.584463
DE1,2903.075087
DL1,2903.075429
DW1,2903.075680
RE1,2903.075841
CA4,2903.206493
AW1,2903.207072
DW1,2903.358957
AL2,2903.359241
DE1,2903.360107
AW2,2904.530507
DE2,2908.154786
DL2,2908.155075
DW2,2908.155298
RE2,2908.155463
AW5,2908.288285
DE5,2911.231861
DW5,2911.232238
RE5,2911.232389
AW1,2911.356891
AL1,2911.357404
CD0,2911.358225
DE1,2916.339553
DL1,2916.339814
DW1,2916.339976
RE1,2916.340076
CA4,2916.471514
AW1,2916.471947
AL2,2916.623842
DE1,2916.624789
DW1,2916.624949
RE1,2916.625048
AW2,2917.802170
DE2,2922.357068
DL2,2922.357617
DW2,2922.358093
RE2,2922.358473
AW6,2922.508660
DE5,2925.745464
DE6,2928.167992
DW6,2928.168373
RE6,2928.168538
AW1,2928.297801
AL1,2928.298297
CD0,2928.299073
DE1,2933.230752
DL1,2933.230990
DW1,2933.231145
RE1,2933.231244
CA4,2933.362200
AW1,2933.362639
DW1,2933.484106
AL2,2933.484314
AW2,2934.073300
DE2,2936.365981
DL2,2936.366266
DW2,2936.366426
RE2,2936.366527
AW5,2936.497448
DE5,2940.035506
DW5,2940.036112
RE5,2940.036511
AW1,2940.175296
AL1,2940.175799
CD0,2940.176577
DE5,2944.011117
DE1,2947.271988
DL1,2947.272546
DW1,2947.272999
RE1,2947.273385
CA1,2947.418417
AW1,2947.419504
DW1,2947.540657
AW2,2947.540846
AL2,2947.540992
DE1,2947.668530
DE2,2952.301735
DL2,2952.302280
DW2,2952.302727
RE2,2952.303115
AW3,2952.432322
DE3,2955.870772
DW3,2955.871181
RE3,2955.871332
RE1,2955.995229
AW1,2955.995581
AL1,2955.995817
CD0,2955.996610
DE1,2960.054504
DL1,2960.054853
DW1,2960.055099
RE1,2960.055240
CA1,2960.185943
AW1,2960.186481
DW1,2960.308232
AW2,2960.308483
AL2,2960.308701
DE1,2960.482503
DE2,2965.313486
DL2,2965.313812
DW2,2965.314071
RE2,2965.314216
AW4,2965.440524
DE3,2968.784711
DE4,2971.224884
DW4,2971.225256
RE4,2971.225407
AW1,2971.351541
CD0,2971.353317
AL1,2971.471407
DE1,2975.259140
DL1,2975.259723
DW1,2975.260201
RE1,2975.260624
CA1,2975.407484
AW1,2975.408592
DW1,2975.529966
AW2,2975.530135
AL2,2975.530280
DE1,2975.531000
DE2,2980.536820
DL2,2980.537352
DW2,2980.537852
RE2,2980.538234
AW4,2980.804606
DE3,2984.064317
DE4,2986.937846
DW4,2986.938437
RE4,2986.938845
AW1,2987.078153
AL1,2987.078677
CD0,2987.079457
DE1,2992.465971
DL1,2992.466229
DW1,2992.466388
RE1,2992.466490
CA1,2992.578659
AW1,2992.579167
DE1,2992.737147
DW1,2992.737410
RE1,2992.737559
AW2,2995.068185
AL2,2995.068439
DE1,2996.807509
DE2,2998.297373
DL2,2998.297668
DW2,2998.297885
RE2,2998.298026
AW4,2998.427655
DE3,3003.333240
DE4,3005.787404
DW4,3005.787762
RE4,3005.787914
AW1,3005.911594
AL1,3005.911842
CD0,3005.912597
DE1,3010.018050
DL1,3010.018365
DW1,3010.018569
RE1,3010.018707
CA1,3010.172624
AW1,3010.173126
DW1,3010.296320
AW2,3010.296547
DE1,3010.297306
AL2,3010.297523
DE2,3013.124568
DL2,3013.124890
DW2,3013.125097
RE2,3013.125236
AW3,3013.368025
DE3,3016.485831
DW3,3016.486190
RE3,3016.486338
AW1,3016.609334
AL1,3016.609828
CD0,3016.610588
DE1,3020.412077
DL1,3020.412336
DW1,3020.412492
RE1,3020.412609
CA1,3020.633327
AW1,3020.634492
DE1,3020.639233
DW1,3020.639573
RE1,3020.639813
AW2,3020.752511
AL2,3020.752696
DE2,3024.345725
DL2,3024.346094
DW2,3024.346391
RE2,3024.346627
AW3,3024.489022
DE5,3027.989346
DW3,3028.124604
CD0,3028.125383
DE6,3030.687353
DE1,3034.057260
AW1,3038.120241
AL1,3038.120519
CD0,3038.121302
DE1,3038.803291
DL1,3038.803612
DW1,3038.803816
RE1,3038.804051
CA1,3039.024772
AW1,3039.025334
DE1,3039.029437
DW1,3039.029654
RE1,3039.029809
AW2,3039.142720
AL2,3039.142971
DE1,3043.104460
DE2,3046.465463
DL2,3046.466045
DW2,3046.466500
RE2,3046.466930
AW4,3046.599201
DE3,3051.193573
DE4,3054.561138
DW4,3054.561525
RE4,3054.561691
AW1,3054.686490
AL1,3054.686979
CD0,3054.687742
DE1,3058.559185
DL1,3058.559741
DW1,3058.560182
RE1,3058.560564
CA1,3058.676362
AW1,3058.676822
DE1,3058.861828
DW1,3058.862331
RE1,3058.862717
AW2,3060.946652
AL2,3060.946826
DE1,3062.940626
DE2,3065.515350
DL2,3065.657927
DW2,3065.658194
AW4,3065.658387
DE5,3067.582958
DW4,3067.713298
CD0,3067.714105
DE6,3069.679685
DE1,3073.264095
AW1,3077.724077
AL1,3077.724307
CD0,3077.725114
DE1,3078.222174
DL1,3078.222465
DW1,3078.222645
RE1,3078.222762
CA1,3078.353471
AW1,3078.353921
DW1,3078.475931
AW2,3078.476142
AL2,3078.476311
DE1,3078.602329
DE1,3082.690076
DE2,3084.913896
DL2,3084.914218
DW2,3084.914385
RE2,3084.914488
AW4,3085.057063
DE3,3090.654917
DE4,3092.933379
DW4,3092.933704
RE4,3092.933834
AW1,3093.059125
AL1,3093.059654
CD0,3093.060498
DE4,3097.966087
DE1,3100.754969
DL1,3100.755534
DW1,3100.755999
RE1,3100.756428
CA1,3100.898436
AW1,3100.899533
DE1,3101.023094
DW1,3101.023333
AW2,3101.023484
AL2,3101.023628
RE1,3101.023721
DE2,3105.479466
DL2,3105.479966
DW2,3105.480404
RE2,3105.480836
AW3,3105.627545
DE3,3108.857065
DW3,3108.857668
RE3,3108.858079
AW1,3109.000589
AL1,3109.001133
CD0,3109.001971
DE1,3113.448017
DL1,3113.448281
DW1,3113.448441
RE1,3113.448543
CA4,3113.560721
AW1,3113.561263
DW1,3116.727532
AW2,3116.727777
AL2,3116.727973
DE2,3117.191774
DL2,3117.192080
DW2,3117.192303
RE2,3117.192446
AW5,3117.322381
DE5,3121.912252
DW5,3121.912570
RE5,3121.912719
RE1,3122.037932
AW1,3122.038497
AL1,3122.038939
CD0,3122.039697
DE5,3125.889516
DE1,3130.864608
DL1,3130.865167
DW1,3130.865610
RE1,3130.865992
CA1,3130.984337
AW1,3130.985422
DE1,3131.120033
DW1,3131.120333
RE1,3131.120479
AW2,3131.992028
AL2,3131.992531
DE2,3135.225972
DL2,3135.226512
DW2,3135.226983
RE2,3135.227383
AW3,3135.357510
DE3,3138.651840
DW3,3138.652175
RE3,3138.652292
RE1,3138.775363
AW1,3138.775648
AL1,3138.775805
CD0,3138.776556
DE1,3142.878542
DL1,3142.878769
DW1,3142.878924
RE1,3142.879023
CA4,3142.991205
AW1,3142.991631
DE2,3146.764788
AW6,3146.896007
DW1,3147.009470
DE5,3149.095433
DE6,3151.520190
DW6,3151.520556
RE6,3151.520730
RE1,3151.659614
AW1,3151.659951
AL1,3151.660174
CD0,3151.660983
DE1,3156.486439
DL1,3156.487069
DW1,3156.487552
RE1,3156.487934
CA1,3156.629501
AW1,3156.629866
DW1,3156.746699
AW2,3156.746880
DE1,3156.747650
AL2,3156.747817
DE2,3160.380978
DL2,3160.381213
DW2,3160.381367
RE2,3160.381468
AW4,3160.511150
DE3,3163.853905
DE4,3166.820195
DW4,3166.820816
RE4,3166.821212
RE1,3166.959647
AW1,3166.960210
AL1,3166.960654
CD0,3166.961413
DE1,3174.060781
DL1,3174.061339
DW1,3174.061789
RE1,3174.062172
CA1,3174.207772
AW1,3174.208810
DW1,3174.329730
AW2,3174.329896
AL2,3174.330039
DE1,3174.330782
DE2,3177.793028
DL2,3177.793558
DW2,3177.794076
RE2,3177.794463
AW3,3177.938523
DE3,3181.494475
DW3,3181.495069
RE3,3181.495485
AW1,3181.636433
AL1,3181.636918
CD0,3181.637679
DE1,3185.645369
DL1,3185.645662
DW1,3185.645864
RE1,3185.646003
CA1,3185.775362
AW1,3185.775886
DW1,3185.898172
AW2,3185.898414
AL2,3185.898615
DE2,3188.514266
DL2,3188.514566
DW2,3188.514766
RE2,3188.514908
AW3,3188.656405
DE3,3192.309599
DW3,3192.309961
RE3,3192.310109
AW1,3192.434591
AL1,3192.435108
CD0,3192.435873
DE1,3196.591306
DL1,3196.591860
DW1,3196.592302
RE1,3196.592683
CA4,3196.711171
AW1,3196.712186
DE1,3196.862271
DW1,3196.862767
RE1,3196.863149
AW2,3198.114548
AL2,3198.114735
DE2,3200.667569
DL2,3200.667860
DW2,3200.668067
RE2,3200.668209
AW5,3200.813670
DE5,3204.039053
DW5,3204.039406
RE5,3204.039556
RE1,3204.164751
AW1,3204.165325
AL1,3204.165773
CD0,3204.166534
DE1,3211.628924
DL1,3211.629450
DW1,3211.629887
RE1,3211.630272
CA1,3211.762886
AW1,3211.763909
DW1,3211.883089
AW2,3211.883581
AL2,3211.884101
DE2,3215.591886
DL2,3215.592169
DW2,3215.592324
RE2,3215.592424
AW4,3215.722562
DE3,3219.569499
DE4,3222.378416
DW4,3222.378767
RE4,3222.378997
RE1,3222.518173
AW1,3222.518791
AL1,3222.519242
CD0,3222.520058
DE1,3226.900293
DL1,3226.900894
DW1,3226.901340
RE1,3226.901768
CA4,3227.048800
AW1,3227.049941
DE1,3227.172604
DW1,3227.172801
AW2,3227.172940
AL2,3227.173083
RE1,3227.173177
DE2,3230.929793
DL2,3230.930297
DW2,3230.930793
RE2,3230.931175
AW5,3231.078898
DE5,3234.970882
DW5,3234.971536
RE5,3234.971945
RE1,3235.109782
AW1,3235.110344
AL1,3235.110842
CD0,3235.111602
DE5,3238.950980
DE1,3244.402190
DL1,3244.402763
DW1,3244.403208
RE1,3244.403663
CA1,3244.548927
AW1,3244.550095
DW1,3244.685946
AW2,3244.686123
AL2,3244.686267
DE1,3244.687079
DE2,3248.968277
DL2,3248.968849
DW2,3248.969322
RE2,3248.969723
AW4,3249.113519
DE3,3252.579027
DE4,3255.174604
DW4,3255.175211
RE4,3255.175645
RE1,3255.317406
AW1,3255.318012
AL1,3255.318461
CD0,3255.319280
DE1,3259.127007
DL1,3259.127618
DW1,3259.128080
RE1,3259.128493
CA1,3259.275873
AW1,3259.276967
DW1,3259.398045
AW2,3259.398235
AL2,3259.398396
DE1,3259.399165
DE2,3262.853169
DL2,3262.853699
DW2,3262.854279
RE2,3262.854667
AW4,3263.117193
DE3,3266.398363
DE4,3268.818240
DW4,3268.818923
RE4,3268.819336
AW1,3268.956150
AL1,3268.956397
CD0,3268.957217
DE1,3273.156897
DL1,3273.157271
DW1,3273.157479
RE1,3273.157621
CA4,3273.288029
AW1,3273.288614
DW1,3273.410527
AL2,3273.410773
DE1,3273.411599
AW2,3274.482646
DE2,3275.882575
DL2,3275.882872
DW2,3275.883075
RE2,3275.883217
AW5,3276.012995
DE5,3279.360993
DW5,3279.361557
RE5,3279.361959
RE1,3279.572364
AW1,3279.572943
AL1,3279.573415
CD0,3279.574318
DE1,3285.527414
DL1,3285.528021
DW1,3285.528497
RE1,3285.528889
CA1,3285.658061
AW1,3285.658845
DW1,3285.795487
AW2,3285.795717
AL2,3285.795912
DE1,3285.796733
DE2,3290.910041
DL2,3290.910367
DW2,3290.910592
RE2,3290.910735
AW4,3291.040437
DE3,3295.146470
DE4,3298.034989
DW4,3298.035416
RE4,3298.035591
RE1,3298.173184
AW1,3298.173442
AL1,3298.173598
CD0,3298.174458
DE1,3302.511189
DL1,3302.511728
DW1,3302.512179
RE1,3302.512565
CA1,3302.628380
AW1,3302.628782
DE1,3302.780392
DW1,3302.780688
RE1,3302.780838
AW2,3305.003284
AL2,3305.003569
DE2,3306.631433
DL2,3306.631752
DW2,3306.631954
RE2,3306.632116
AW4,3306.763448
DE3,3310.628091
DE4,3313.228392
DW4,3313.228965
RE4,3313.229389
AW1,3313.356275
AL1,3313.356806
CD0,3313.357601
DE1,3317.352597
DL1,3317.353182
DW1,3317.353632
RE1,3317.354144
CA4,3317.486528
AW1,3317.487635
DW1,3317.620487
AW2,3317.621004
AL2,3317.621466
DE1,3317.622598
DE2,3322.356359
DL2,3322.356600
DW2,3322.356762
RE2,3322.356868
AW5,3322.486897
DE5,3325.704223
DW5,3325.704601
RE5,3325.704759
RE1,3325.842183
AW1,3325.842465
AL1,3325.842626
CD0,3325.843406
DE5,3329.680094
DE1,3333.027928
DL1,3333.028218
DW1,3333.028419
RE1,3333.028561
CA1,3333.159693
AW1,3333.160238
DW1,3333.281101
AW2,3333.281592
AL2,3333.282043
DE2,3336.655041
DL2,3336.655279
DW2,3336.655432
RE2,3336.655533
AW4,3336.796850
DE3,3339.781008
DE4,3342.019979
DW4,3342.020379
RE4,3342.020643
RE1,3342.159594
AW1,3342.159925
AL1,3342.160167
CD0,3342.160965
DE1,3346.172898
DL1,3346.173482
DW1,3346.173928
RE1,3346.174467
CA1,3346.306808
AW1,3346.307955
DW1,3346.427392
AW2,3346.427884
AL2,3346.428319
DE1,3346.429379
DE2,3350.009759
DL2,3350.009995
DW2,3350.010146
RE2,3350.010247
AW4,3350.140635
DE3,3354.417338
DE4,3356.788908
DW4,3356.789276
RE4,3356.789429
AW1,3356.913382
AL1,3356.913627
CD0,3356.914495
DE1,3361.152752
DL1,3361.153070
DW1,3361.153277
RE1,3361.153422
CA1,3361.265698
AW1,3361.266802
DE1,3361.454159
DW1,3361.454702
RE1,3361.455097
DE2,3365.373144
AW4,3365.503328
DE3,3367.560519
DE4,3369.937403
DW4,3369.938009
RE4,3369.938410
AW1,3370.064755
AL1,3370.065254
CD0,3370.066035
DE1,3374.284774
DL1,3374.285344
DW1,3374.285790
RE1,3374.286186
CA1,3374.428510
AW1,3374.429520
DW1,3374.583470
AW2,3374.583651
AL2,3374.583800
DE1,3374.584637
DE2,3378.029351
DL2,3378.029891
DW2,3378.030351
RE2,3378.030744
AW3,3378.177052
DE3,3381.967464
DW3,3381.968076
RE3,3381.968475
AW1,3382.105172
AL1,3382.105680
CD0,3382.106481
DE1,3386.554279
DL1,3386.554859
DW1,3386.555325
RE1,3386.555711
CA4,3386.674261
AW1,3386.675366
DE1,3386.808786
DW1,3386.808980
RE1,3386.809079
DE2,3390.694971
AW5,3390.839969
DE5,3392.651849
DW5,3392.652449
RE5,3392.652858
RE1,3392.791785
AW1,3392.792352
AL1,3392.792799
CD0,3392.793571
DE5,3396.636006
DE1,3400.240758
DL1,3400.241075
DW1,3400.241279
RE1,3400.241421
CA4,3400.353549
AW1,3400.354126
DW1,3401.646929
AW2,3401.647414
AL2,3401.647859
DE1,3402.973315
DE2,3406.300717
DL2,3406.301243
DW2,3406.301685
RE2,3406.302063
AW6,3406.448883
DE5,3409.208433
DE6,3411.681265
DW6,3411.681863
RE6,3411.682254
AW1,3411.822615
AL1,3411.823110
CD0,3411.823869
DE1,3416.152852
DL1,3416.153404
DW1,3416.153849
RE1,3416.154321
CA1,3416.272697
AW1,3416.273766
DE1,3416.422255
DW1,3416.422449
RE1,3416.423069
AW2,3417.117672
AL2,3417.117854
DE2,3420.105616
DL2,3420.105965
DW2,3420.106176
RE2,3420.106317
AW3,3420.236329
DE3,3423.087487
DW3,3423.087952
RE3,3423.088123
RE1,3423.226805
AW1,3423.227163
AL1,3423.227362
CD0,3423.228162
DE1,3427.284797
DL1,3427.285091
DW1,3427.285297
RE1,3427.285437
CA4,3427.416505
AW1,3427.417011
AL2,3427.536224
DE1,3427.953349
DW1,3427.953700
RE1,3427.953847
AW2,3428.792037
DE2,3432.666217
DL2,3432.666519
DW2,3432.666746
RE2,3432.666904
AW5,3432.797001
DE5,3436.094186
DW5,3436.094830
RE5,3436.095226
RE1,3436.235274
AW1,3436.235572
AL1,3436.235772
CD0,3436.236519
DE1,3441.487102
DL1,3441.487394
DW1,3441.487597
RE1,3441.487738
CA4,3441.618172
AW1,3441.618636
DW1,3441.739139
AL2,3441.739372
AW2,3442.680525
DE2,3445.102947
DL2,3445.103218
DW2,3445.103414
RE2,3445.103554
AW6,3445.246131
DE5,3448.418305
DE6,3450.779097
DW6,3450.779418
RE6,3450.779565
AW1,3450.915150
AL1,3450.915322
CD0,3450.916115
DE1,3455.687267
DL1,3455.687857
DW1,3455.688312
RE1,3455.688689
CA1,3455.834571
AW1,3455.835612
DW1,3455.956788
AW2,3455.956954
DE1,3455.957698
AL2,3455.957851
DE2,3458.417719
DL2,3458.418281
DW2,3458.418758
RE2,3458.419168
AW4,3458.564726
DE3,3461.645975
DE4,3464.646899
DW4,3464.647475
RE4,3464.647989
RE1,3464.788029
AW1,3464.788562
AL1,3464.789051
CD0,3464.789803
DE1,3468.782238
DL1,3468.782819
DW1,3468.783254
RE1,3468.783670
CA4,3468.928393
AW1,3468.929426
DE1,3469.051244
DW1,3469.051434
RE1,3469.051530
AW2,3469.051665
AL2,3469.051805
DE1,3473.325648
DE2,3475.751194
DL2,3475.751739
DW2,3475.752206
RE2,3475.752604
AW6,3475.899406
DE5,3479.201835
DE6,3481.483870
DW6,3481.484817
RE6,3481.485224
RE1,3481.625099
AW1,3481.625678
AL1,3481.626123
CD0,3481.626956
DE6,3485.466036
DE1,3489.110013
DL1,3489.110599
DW1,3489.111037
RE1,3489.111435
CA4,3489.257268
AW1,3489.258293
DW1,3489.378515
AW2,3489.378697
AL2,3489.378873
DE2,3493.200129
DL2,3493.200629
DW2,3493.201078
RE2,3493.201492
AW6,3493.346530
DE5,3496.266664
DE6,3498.484609
DW6,3498.485281
RE6,3498.485528
AW1,3498.611600
AL1,3498.612077
CD0,3498.612829
DE1,3504.652624
DL1,3504.653151
DW1,3504.653592
RE1,3504.654046
CA1,3504.798888
AW1,3504.799899
DW1,3504.921386
AW2,3504.921617
AL2,3504.921810
DE1,3504.922562
DE2,3507.462005
DL2,3507.462267
DW2,3507.462466
RE2,3507.462605
AW4,3507.592531
DE3,3511.041749
DE4,3513.465410
DW4,3513.465994
RE4,3513.466384
RE1,3513.592889
AW1,3513.593436
AL1,3513.593878
CD0,3513.594715
DE1,3518.406015
DL1,3518.406255
DW1,3518.406410
RE1,3518.406509
CA4,3518.537805
AW1,3518.538203
AL2,3518.660777
DE1,3518.661583
DW1,3518.661750
RE1,3518.661851
AW2,3519.444215
DE2,3523.035810
DL2,3523.036024
DW2,3523.036177
RE2,3523.036276
AW1,3523.287391
DW1,3524.581989
AW1,3524.582794
DW1,3524.702332
AW5,3524.702901
DE5,3526.488076
DW5,3526.488637
RE5,3526.489049
RE1,3526.628011
AW1,3526.628546
AL1,3526.629014
CD0,3526.629781
DE1,3535.171698
DL1,3535.172283
DW1,3535.172719
RE1,3535.173100
CA4,3535.318652
AW1,3535.319710
DW1,3535.441425
AW2,3535.441606
AL2,3535.441766
DE2,3538.957187
DL2,3538.957716
DW2,3538.958199
RE2,3538.958580
AW1,3539.104477
DW1,3539.224263
AW6,3539.224432
DE5,3542.310708
DE6,3544.911023
DW6,3544.911622
RE6,3544.912102
AW1,3545.096382
AL1,3545.096866
CD0,3545.097674
DE1,3550.124597
DL1,3550.125151
DW1,3550.125628
RE1,3550.126010
CA1,3550.268303
AW1,3550.269398
DW1,3550.489000
AW2,3550.489166
AL2,3550.489321
DE1,3550.490032
DE2,3553.993229
DL2,3553.993737
DW2,3553.994328
RE2,3553.994736
AW4,3554.137818
DE3,3557.451659
DE4,3560.021693
DW4,3560.022257
RE4,3560.022656
RE1,3560.160422
AW1,3560.160662
AL1,3560.160817
CD0,3560.161564
DE1,3564.411051
DL1,3564.411279
DW1,3564.411434
RE1,3564.411533
CA1,3564.542221
AW1,3564.542588
DW1,3564.679033
AW2,3564.679237
AL2,3564.679381
DE1,3564.680087
DE1,3568.759779
DE2,3572.039897
DL2,3572.040471
DW2,3572.040912
RE2,3572.041296
AW3,3572.170402
DE3,3575.553586
DW3,3575.554063
RE3,3575.554240
AW1,3575.685457
AL1,3575.685713
CD0,3575.686487
DE1,3580.342124
DL1,3580.342445
DW1,3580.342661
RE1,3580.342807
CA4,3580.534399
AW1,3580.534921
DW1,3580.651517
AW2,3580.651766
AL2,3580.651966
DE1,3580.874999
DE2,3585.939864
DL2,3585.940161
DW2,3585.940395
RE2,3585.940539
AW6,3586.080246
DE5,3589.048397
DE6,3591.389160
DW6,3591.389589
RE6,3591.389756
RE1,3591.528893
AW1,3591.529227
AL1,3591.529433
CD0,3591.530216
DE1,3597.013425
DL1,3597.013745
DW1,3597.014024
RE1,3597.014171
CA4,3597.144949
AW1,3597.145485
DW1,3597.281460
AL2,3597.281649
DE1,3597.282426
AW2,3598.452561
DE1,3601.462795
DE2,3603.607407
DL2,3603.607707
DW2,3603.607915
RE2,3603.608060
AW1,3603.857190
DW1,3605.139604
AW1,3605.284389
DW1,3605.405746
AW6,3605.405925
DE5,3606.866650
DE6,3609.292597
DW6,3609.293242
RE6,3609.293629
AW1,3609.431018
AL1,3609.431533
CD0,3609.432307
DE1,3614.196452
DL1,3614.197015
DW1,3614.197491
RE1,3614.197892
CA1,3614.344670
AW1,3614.345721
DW1,3614.466945
AW2,3614.467157
AL2,3614.467322
DE1,3614.579807
DE2,3618.987634
DL2,3618.988166
DW2,3618.988629
RE2,3618.989057
AW4,3619.135686
DE3,3622.743443
DE4,3625.136897
DW4,3625.137512
RE4,3625.137941
RE1,3625.275650
AW1,3625.275965
AL1,3625.276191
CD0,3625.276594
DE1,3629.368245
DL1,3629.368867
DW1,3629.369314
RE1,3629.369706
CA1,3629.514074
AW1,3629.515220
DW1,3629.634214
AW2,3629.634426
DE1,3629.635211
AL2,3629.635367
DE2,3633.312614
DL2,3633.313173
DW2,3633.313631
RE2,3633.314147
AW3,3633.459157
DE3,3637.748629
DW3,3637.749274
RE3,3637.749669
CD0,3637.891407
AW1,3638.009286
AL1,3638.009475
DE1,3642.383098
DL1,3642.383659
DW1,3642.384231
RE1,3642.384637
CA1,3642.528710
AW1,3642.529848
DW1,3642.651097
AW2,3642.651314
AL2,3642.651473
DE2,3645.078111
DL2,3645.078619
DW2,3645.079139
RE2,3645.079520
AW3,3645.227311
DE3,3649.739629
DW3,3649.740227
RE3,3649.740670
AW1,3649.879469
AL1,3649.879961
CD0,3649.880778
DE1,3654.088768
DL1,3654.089343
DW1,3654.089853
RE1,3654.090255
CA4,3654.236484
AW1,3654.237592
DW1,3654.358064
AW2,3654.358244
AL2,3654.358388
DE2,3659.426862
DL2,3659.427387
DW2,3659.427856
RE2,3659.428233
AW5,3659.575477
DE5,3662.817979
DW5,3662.818568
RE5,3662.818974
RE1,3662.958702
AW1,3662.959319
AL1,3662.959761
CD0,3662.960567
DE5,3666.805674
DE1,3673.236866
DL1,3673.237439
DW1,3673.237926
RE1,3673.238323
CA1,3673.471922
AW1,3673.473016
DE1,3673.478762
DW1,3673.479247
RE1,3673.479640
AW2,3673.592819
AL2,3673.593004
DE2,3677.791141
DL2,3677.791673
DW2,3677.792128
RE2,3677.792544
AW3,3677.937464
DE3,3681.766477
DW3,3681.767138
RE3,3681.767552
RE1,3681.908788
AW1,3681.909357
AL1,3681.909835
CD0,3681.910604
DE1,3687.152823
DL1,3687.153079
DW1,3687.153334
RE1,3687.153482
CA1,3687.269307
AW1,3687.269838
DW1,3687.836262
AW2,3687.836508
AL2,3687.836704
DE2,3691.462142
DL2,3691.462438
DW2,3691.462639
RE2,3691.462779
AW3,3691.605898
DE3,3695.193253
DW3,3695.193582
RE3,3695.193734
AW1,3695.317043
AL1,3695.317538
CD0,3695.318304
DE1,3699.206396
DL1,3699.206949
DW1,3699.207391
RE1,3699.207775
CA4,3699.326175
AW1,3699.327159
DE1,3699.587521
DW1,3699.588045
RE1,3699.588432
AW2,3703.269627
AL2,3703.270122
DE2,3703.287355
DL2,3703.287896
DW2,3703.288337
RE2,3703.290289
AW5,3703.417851
DE5,3706.621136
DW5,3706.621767
RE5,3706.622158
RE1,3706.760072
AW1,3706.760363
AL1,3706.760559
CD0,3706.761308
DE5,3710.593382
DE1,3714.750279
DL1,3714.750599
DW1,3714.750805
RE1,3714.750947
CA1,3714.881439
AW1,3714.881964
DW1,3715.004298
AW2,3715.004549
AL2,3715.004746
DE2,3718.872416
DL2,3718.872700
DW2,3718.872900
RE2,3718.873040
AW3,3719.016630
DE3,3723.407585
DW3,3723.408184
RE3,3723.408577
RE1,3723.547579
AW1,3723.547848
AL1,3723.548013
CD0,3723.548758
DE1,3728.232870
DL1,3728.233460
DW1,3728.234025
RE1,3728.234416
AL1,3728.395575
AW2,3728.395762
AL2,3728.395910
DL1,3728.518404
DL1,3728.518601
DL1,3728.518754
DE2,3735.101063
DL2,3735.101301
DW2,3735.101458
RE2,3735.101558
AW4,3735.232408
DE3,3738.405464
DE4,3741.023348
DW4,3741.024238
RE4,3741.024663
AW1,3741.161555
AL1,3741.162064
CD0,3741.162879
DE1,3746.288068
DL1,3746.288650
DW1,3746.289126
RE1,3746.289531
CA1,3746.419031
AW1,3746.420137
DW1,3746.541352
AW2,3746.541525
AL2,3746.541669
DE1,3746.542507
DE2,3749.015033
DL2,3749.015607
DW2,3749.016050
RE2,3749.016482
AW4,3749.158379
DE3,3752.851719
DE4,3755.487481
DW4,3755.488090
RE4,3755.488519
AW1,3755.627438
AL1,3755.628075
CD0,3755.628493
DE1,3761.871808
DL1,3761.872385
DW1,3761.872829
RE1,3761.873280
CA1,3762.000848
AW1,3762.001271
DW1,3762.123480
AW2,3762.123677
AL2,3762.123830
DE1,3762.363054
DE2,3768.011639
DL2,3768.011873
DW2,3768.012027
RE2,3768.012125
AW4,3768.142462
DE3,3772.947144
DE4,3775.485584
DW4,3775.486019
RE4,3775.486170
AW1,3775.625690
AL1,3775.625931
CD0,3775.626713
DE1,3782.053397
DL1,3782.053752
DW1,3782.054041
RE1,3782.054209
CA4,3782.184633
AW1,3782.185495
AL2,3782.304876
DE1,3782.419026
DW1,3782.419308
RE1,3782.419449
AW2,3783.473333
DE1,3786.603461
DE2,3788.889526
DL2,3788.889764
DW2,3788.889920
RE2,3788.890021
AW5,3789.021450
DE5,3792.066170
DW5,3792.066770
RE5,3792.067219
RE1,3792.208497
AW1,3792.209049
AL1,3792.209565
CD0,3792.210328
DE5,3796.046153
DE1,3799.025197
DL1,3799.025797
DW1,3799.026248
RE1,3799.026660
CA4,3799.168327
AW1,3799.169483
DW1,3799.330169
AW2,3799.330652
AL2,3799.331108
DE2,3803.052458
DL2,3803.053035
DW2,3803.053479
RE2,3803.053859
AW6,3803.198659
DE5,3806.712362
DE6,3809.090243
DW6,3809.090845
RE6,3809.091256
AW1,3809.228595
AL1,3809.229102
CD0,3809.229897
DE1,3814.025192
DL1,3814.025779
DW1,3814.026264
RE1,3814.026648
CA1,3814.168734
AW1,3814.169940
DW1,3814.339517
AW2,3814.339708
AL2,3814.339871
DE1,3814.340634
DE2,3818.690399
DL2,3818.690928
DW2,3818.691415
RE2,3818.691797
AW4,3818.839621
DE3,3822.107181
DE4,3824.739332
DW4,3824.739653
RE4,3824.739767
RE1,3824.987240
AW1,3824.987543
AL1,3824.987743
CD0,3824.988580
DE1,3829.247388
DL1,3829.247981
DW1,3829.248425
RE1,3829.248839
CA4,3829.395810
AW1,3829.396917
DW1,3829.531280
AW2,3829.531459
AL2,3829.531602
DE1,3829.532424
DE2,3833.044092
DL2,3833.044625
DW2,3833.045126
RE2,3833.045511
AW5,3833.189189
DE5,3840.516021
DW5,3840.516672
RE5,3840.517068
RE1,3840.654628
AW1,3840.655245
AL1,3840.655689
CD0,3840.656501
DE5,3844.451129
DE1,3849.383010
DL1,3849.383585
DW1,3849.384125
RE1,3849.384557
CA1,3849.528870
AW1,3849.530000
DW1,3849.651156
AW2,3849.651352
AL2,3849.651515
DE2,3853.322875
DL2,3853.323406
DW2,3853.323930
RE2,3853.324653
AW3,3853.470676
DE3,3857.052810
DW3,3857.053499
RE3,3857.053918
RE1,3857.192461
AW1,3857.193048
AL1,3857.193505
CD0,3857.194494
DE1,3861.186813
CA4,3861.336035
DL1,3861.336805
DW1,3861.337323
AW1,3861.338128
DW1,3861.457614
AW2,3861.457791
AL2,3861.457937
DE2,3867.748677
DL2,3867.749291
DW2,3867.749740
RE2,3867.750157
AW6,3867.897301
DE5,3871.095261
DE6,3873.705947
DW6,3873.706547
RE6,3873.706974
RE1,3873.848006
AW1,3873.848355
AL1,3873.848586
CD0,3873.848985
DE1,3878.509423
DL1,3878.510011
DW1,3878.510452
RE1,3878.510880
CA1,3878.657537
AW1,3878.658681
DE1,3878.780950
DW1,3878.781148
AW2,3878.781286
AL2,3878.781442
RE1,3878.781554
DE2,3882.939615
DL2,3882.940200
DW2,3882.940677
RE2,3882.941061
AW3,3883.088674
DE3,3886.529446
DW3,3886.530085
RE3,3886.530478
RE1,3886.664856
AW1,3886.665434
AL1,3886.665931
CD0,3886.666692
DE1,3891.000185
DL1,3891.000791
DW1,3891.001337
RE1,3891.001725
CA4,3891.146006
AW1,3891.147090
DW1,3891.267701
AW2,3891.267908
AL2,3891.268069
DE2,3897.629186
DL2,3897.629733
DW2,3897.630244
RE2,3897.630627
AW6,3897.777087
DE5,3901.225048
DE6,3903.569188
DW6,3903.569787
RE6,3903.570190
RE1,3903.708713
AW1,3903.709278
AL1,3903.709731
CD0,3903.710628
DE1,3909.192682
DL1,3909.193264
DW1,3909.193701
RE1,3909.194201
CA1,3909.338779
AW1,3909.339932
DW1,3909.476324
AW2,3909.476506
AL2,3909.476681
DE1,3909.477401
DE1,3913.552778
DE2,3918.179747
DL2,3918.180278
DW2,3918.180779
RE2,3918.181159
AW3,3918.325672
DE3,3921.358484
DW3,3921.359042
RE3,3921.359476
RE1,3921.498738
AW1,3921.499350
AL1,3921.499816
CD0,3921.500697
DE1,3925.583540
DL1,3925.584206
DW1,3925.584689
RE1,3925.585115
CA4,3925.728980
AW1,3925.730107
DE1,3925.852751
DW1,3925.852946
RE1,3925.853070
AW2,3925.853240
AL2,3925.853384
DE2,3930.217623
DL2,3930.218156
DW2,3930.218643
RE2,3930.219026
AW5,3930.487834
DE5,3933.535978
DW5,3933.536592
RE5,3933.537021
RE1,3933.678605
AW1,3933.679177
AL1,3933.679658
CD0,3933.680428
DE5,3937.561344
DE1,3940.424454
DL1,3940.425080
DW1,3940.425528
RE1,3940.425942
CA1,3940.567837
AW1,3940.568996
DW1,3940.691780
AW2,3940.691947
AL2,3940.692090
DE2,3945.391122
DL2,3945.391651
DW2,3945.392119
RE2,3945.392533
AW4,3945.658187
DE3,3949.196154
DE4,3952.010810
DW4,3952.011432
RE4,3952.011874
RE1,3952.146088
AW1,3952.146450
AL1,3952.146673
CD0,3952.147487
DE1,3956.896419
DL1,3956.896784
DW1,3956.897018
RE1,3956.897180
CA1,3957.028052
AW1,3957.028594
DW1,3957.174682
AW2,3957.174927
AL2,3957.175121
DE1,3957.175913
DE2,3960.684142
DL2,3960.684468
DW2,3960.684669
RE2,3960.684814
AW4,3960.825977
DE3,3964.184154
DE4,3966.912471
DW4,3966.912879
RE4,3966.913031
AW1,3967.036557
AL1,3967.037053
CD0,3967.037883
DE1,3971.227191
DL1,3971.227821
DW1,3971.228286
RE1,3971.228665
CA1,3971.361940
AW1,3971.363090
DW1,3971.482606
AW2,3971.483092
AL2,3971.483577
DE1,3971.484849
DE2,3975.158311
DL2,3975.158525
DW2,3975.158675
RE2,3975.158774
AW4,3975.289958
DE3,3978.577618
DE4,3981.096061
DW4,3981.096439
RE4,3981.096590
AW1,3981.229883
AL1,3981.230376
CD0,3981.231194
DE1,3986.478905
DL1,3986.479488
DW1,3986.479962
RE1,3986.480363
CA4,3986.612064
AW1,3986.613228
DW1,3986.732644
DE1,3986.733890
AW2,3986.734488
AL2,3986.734937
DE2,3989.622514
DL2,3989.622752
DW2,3989.622909
RE2,3989.623008
AW5,3989.751721
DE5,3993.385561
DW5,3993.385928
RE5,3993.386084
RE1,3993.526360
AW1,3993.526650
AL1,3993.526851
CD0,3993.527607
DE5,3997.362031
DE1,4001.103112
DL1,4001.103429
DW1,4001.103634
RE1,4001.103774
CA1,4001.216027
AW1,4001.217107
DW1,4003.702957
AW2,4003.703154
AL2,4003.703298
DE2,4005.057222
DL2,4005.057553
DW2,4005.057757
RE2,4005.057899
AW3,4005.187901
DE3,4008.770079
DW3,4008.770523
RE3,4008.770679
RE1,4008.909181
AW1,4008.909423
AL1,4008.909578
CD0,4008.910324
DE1,4012.904428
DL1,4012.904686
DW1,4012.904843
RE1,4012.904943
CA4,4013.017078
AW1,4013.017506
DW1,4014.845706
AW2,4015.140091
AL1,4015.279847
DL1,4015.468390
DL1,4015.468573
DE1,4015.469321
AL2,4016.638274
DE2,4019.273247
DL2,4019.273772
DW2,4019.274313
RE2,4019.274700
AW6,4019.406487
DE5,4022.324888
DE6,4025.468814
DW6,4025.469128
RE6,4025.469258
RE1,4025.595305
AW1,4025.595751
AL1,4025.596053
CD0,4025.596870
DE1,4031.315169
DL1,4031.315496
DW1,4031.315703
RE1,4031.315847
CA1,4031.456905
AW1,4031.457445
DW1,4031.600070
AW2,4031.600555
AL2,4031.600998
DE1,4031.602069
DE2,4034.982794
DL2,4034.983326
DW2,4034.983767
RE2,4034.984240
AW4,4035.128928
DE3,4038.627510
DE4,4041.786167
DW4,4041.786766
RE4,4041.787162
RE1,4041.926864
AW1,4041.927439
AL1,4041.927883
CD0,4041.928643
DE1,4046.361044
DL1,4046.361590
DW1,4046.362033
RE1,4046.362412
CA1,4046.506487
AW1,4046.507503
DW1,4046.630289
AW2,4046.630466
DE1,4046.631234
AL2,4046.631389
DE2,4050.273372
DL2,4050.273901
DW2,4050.274436
RE2,4050.274822
AW3,4050.417876
DE3,4053.894488
DW3,4053.895094
RE3,4053.895510
AW1,4054.036079
AL1,4054.036572
CD0,4054.037332
DE1,4058.752940
DL1,4058.753501
DW1,4058.754031
RE1,4058.754423
CA4,4058.872774
AW1,4058.873853
DW1,4059.782339
AW2,4059.782568
AL2,4059.782742
DE1,4060.285582
DE2,4061.629861
DL2,4061.630383
DW2,4061.630824
RE2,4061.631202
AW6,4061.764345
DE5,4065.257731
DE6,4068.290706
DW6,4068.291019
RE6,4068.291131
RE1,4068.414886
AW1,4068.415347
AL1,4068.415653
CD0,4068.416491
DE6,4072.275511
DE1,4075.635920
DL1,4075.636243
DW1,4075.636449
RE1,4075.636596
CA4,4075.748783
AW1,4075.749840
DE1,4075.909239
DW1,4075.909730
RE1,4075.910112
DE2,4079.955528
AW6,4080.087149
DE5,4083.383362
DE6,4085.737911
DW6,4085.738298
RE6,4085.738451
AW1,4085.863829
AL1,4085.864226
CD0,4085.864990
DE6,4089.714260
DE1,4094.952731
DL1,4094.953056
DW1,4094.953258
RE1,4094.953400
CA1,4095.076642
AW1,4095.077079
DE1,4095.199440
DW1,4095.199632
RE1,4095.199729
AW2,4095.199864
AL2,4095.200004
DE2,4099.867286
DL2,4099.867586
DW2,4099.867785
RE2,4099.867927
AW3,4100.000332
DE3,4103.197436
DW3,4103.197744
RE3,4103.197855
RE1,4103.323706
AW1,4103.324261
AL1,4103.324569
CD0,4103.325390
DE1,4107.670012
DL1,4107.670327
DW1,4107.670532
RE1,4107.670677
CA4,4107.801052
AW1,4107.801573
DE1,4107.948505
DW1,4107.948819
RE1,4107.948966
AW2,4109.118876
AL2,4109.119129
DE2,4112.071731
DL2,4112.072050
DW2,4112.072272
RE2,4112.072413
AW6,4112.202657
DE5,4116.054734
DE6,4121.325212
DW6,4121.325541
RE6,4121.325693
RE1,4121.449442
AW1,4121.449799
AL1,4121.450005
CD0,4121.450765
DE1,4128.721566
DL1,4128.721881
DW1,4128.722092
RE1,4128.722234
CA4,4128.866516
AW1,4128.867034
DW1,4128.990593
AW2,4128.990771
AL2,4128.990914
DE1,4128.991606
DE2,4133.225187
DL2,4133.225478
DW2,4133.225685
RE2,4133.225827
AW5,4133.356750
DE5,4136.318572
DW5,4136.318944
RE5,4136.319102
AW1,4136.456634
AL1,4136.456854
CD0,4136.457619
DE5,4140.311152
DE1,4146.116006
DL1,4146.116597
DW1,4146.117079
RE1,4146.117506
CA1,4146.259194
AW1,4146.260269
DW1,4146.382286
AW2,4146.382467
AL2,4146.382611
DE2,4149.968112
DL2,4149.968649
DW2,4149.969136
RE2,4149.969518
AW3,4150.117057
DE3,4154.425351
DW3,4154.425910
RE3,4154.426349
RE1,4154.568328
AW1,4154.568943
AL1,4154.569391
CD0,4154.570199
DE1,4159.449356
DL1,4159.449916
DW1,4159.450395
RE1,4159.450812
CA1,4159.597197
AW1,4159.598342
DW1,4159.718584
AW2,4159.718793
AL2,4159.718956
DE2,4163.232917
DL2,4163.233447
DW2,4163.233936
RE2,4163.234457
AW4,4163.378298
DE3,4167.576752
DE4,4170.402512
DW4,4170.403075
RE4,4170.403491
AW1,4170.529745
AL1,4170.530216
CD0,4170.531077
DE1,4175.363410
DL1,4175.364105
DW1,4175.364581
RE1,4175.365018
CA1,4175.507292
AW1,4175.508320
DE1,4175.632720
DW1,4175.633237
AW2,4175.633688
AL2,4175.634207
RE1,4175.634639
DE2,4179.614625
DL2,4179.614835
DW2,4179.614985
RE2,4179.615083
AW3,4179.745427
DE3,4182.735491
DW3,4182.735852
RE3,4182.736002
AW1,4182.860782
AL1,4182.861014
CD0,4182.861758
DE1,4187.798067
DL1,4187.798350
DW1,4187.798548
RE1,4187.798691
CA1,4187.910800
AW1,4187.911278
DE1,4190.277628
DW1,4190.277887
RE1,4190.278031
AW2,4192.410761
AL2,4192.410997
DE2,4194.613118
DL2,4194.613388
DW2,4194.613588
RE2,4194.613741
AW4,4194.750228
DE3,4198.195898
DE4,4200.922423
DW4,4200.922987
RE4,4200.923372
AW1,4201.063692
AL1,4201.064239
CD0,4201.064997
DE1,4205.469058
DL1,4205.469583
DW1,4205.470020
RE1,4205.470398
CA1,4205.614447
AW1,4205.615431
DE1,4205.737605
DW1,4205.737787
AW2,4205.737924
AL2,4205.738065
RE1,4205.738158
DE2,4210.267560
DL2,4210.268066
DW2,4210.268502
RE2,4210.268880
AW3,4210.413479
DE3,4213.759450
DW3,4213.760012
RE3,4213.760398
AW1,4213.899719
AL1,4213.900189
CD0,4213.900939
DE1,4218.400765
DL1,4218.401288
DW1,4218.401726
RE1,4218.402104
CA1,4218.520037
AW1,4218.521027
DE2,4221.982922
AW4,4222.128445
DW1,4222.244830
DE3,4224.298841
DE4,4226.929919
DW4,4226.930245
RE4,4226.930394
AW1,4227.066138
AL1,4227.066316
CD0,4227.067126
DE1,4231.303004
DL1,4231.303603
DW1,4231.304129
RE1,4231.304526
CA1,4231.437234
AW1,4231.438268
DE1,4231.560688
DW1,4231.561179
RE1,4231.561590
AW2,4231.562036
AL2,4231.562486
DE1,4235.628519
DE2,4238.220336
DL2,4238.220861
DW2,4238.221348
RE2,4238.221729
AW4,4238.368097
DE3,4241.785190
DE4,4244.267925
DW4,4244.268260
RE4,4244.268422
AW1,4244.399120
AL1,4244.399351
CD0,4244.400100
DE1,4248.608938
DL1,4248.609234
DW1,4248.609433
RE1,4248.609571
CA1,4248.740238
AW1,4248.741252
DW1,4248.862952
AW2,4248.863153
AL2,4248.863320
DE1,4249.133870
DE2,4253.949005
DL2,4253.949318
DW2,4253.949517
RE2,4253.949658
AW3,4254.078364
DE3,4257.711398
DW3,4257.711738
RE3,4257.711884
AW1,4257.836952
AL1,4257.837221
CD0,4257.837976
DE1,4262.332644
DL1,4262.332934
DW1,4262.333132
RE1,4262.333290
CA4,4262.462810
AW1,4262.463898
DW1,4263.458753
AW2,4263.458920
AL2,4263.459062
DE2,4268.092446
DL2,4268.092952
DW2,4268.093400
RE2,4268.093813
AW6,4268.238137
DE5,4272.174571
DE6,4275.332966
DW6,4275.333524
RE6,4275.333940
RE1,4275.474653
AW1,4275.475274
AL1,4275.475721
CD0,4275.476540
DE6,4283.170080
DE1,4286.092660
DL1,4286.093243
DW1,4286.093682
RE1,4286.094137
CA1,4286.238728
AW1,4286.239789
DW1,4286.360501
AW2,4286.360674
AL2,4286.360822
DE2,4290.724827
DL2,4290.725039
DW2,4290.725189
RE2,4290.725302
AW3,4290.848585
DE3,4294.148299
DW3,4294.148669
RE3,4294.148820
RE1,4294.282774
AW1,4294.283064
AL1,4294.283274
DE1,4299.320730
DL1,4299.321022
DW1,4299.321222
RE1,4299.321378
CA4,4299.452356
AW1,4299.453400
DW1,4299.597658
AW2,4299.598136
AL2,4299.598602
DE1,4299.599705
DE2,4303.600413
DL2,4303.600916
DW2,4303.601400
RE2,4303.601779
AW6,4303.747856
DE5,4306.946462
DE6,4309.453593
DW6,4309.454248
RE6,4309.454696
RE1,4309.605249
AW1,4309.605541
AL1,4309.605782
CD0,4309.606174
DE1,4315.184180
DL1,4315.184408
DW1,4315.184559
RE1,4315.184658
CA4,4315.314635
AW1,4315.315013
DW1,4315.434833
DE1,4315.723452
AW2,4316.670784
AL2,4316.671021
DE2,4319.254785
DL2,4319.255058
DW2,4319.255259
RE2,4319.255399
AW6,4319.501394
DE5,4322.578516
DE6,4325.051620
DW6,4325.051988
RE6,4325.052156
AW1,4325.182557
AL1,4325.182835
CD0,4325.183626
DE1,4332.753608
DL1,4332.754259
DW1,4332.754755
RE1,4332.755136
CA4,4332.898900
AW1,4332.899983
DW1,4333.022035
AW2,4333.022202
AL2,4333.022344
DE1,4333.023105
DE2,4337.090044
DL2,4337.090551
DW2,4337.091033
RE2,4337.091414
AW5,4337.236931
DE5,4341.669615
DW5,4341.670181
RE5,4341.670606
AW1,4341.807616
AL1,4341.808126
CD0,4341.808911
DE6,4345.443667
DE1,4356.205973
DL1,4356.206562
DW1,4356.207039
RE1,4356.207436
CA4,4356.348880
AW1,4356.349895
DW1,4356.469535
AW2,4356.469713
AL2,4356.469874
DE1,4356.602508
DE2,4361.888789
DL2,4361.889290
DW2,4361.889754
RE2,4361.890153
AW5,4362.036369
DE5,4366.042696
DW5,4366.043017
RE5,4366.043165
AW1,4366.178971
AL1,4366.179150
CD0,4366.179977
DE5,4370.021920
DE5,4374.033327
DE1,4376.507408
DL1,4376.508023
DW1,4376.508476
RE1,4376.508855
CA4,4376.639910
AW1,4376.640975
DW1,4376.775567
AW2,4376.776051
AL2,4376.776525
DE1,4376.777566
DE2,4381.100042
DL2,4381.100255
DW2,4381.100407
RE2,4381.100506
AW6,4381.229217
DE5,4384.342601
DE6,4386.749581
DW6,4386.749902
RE6,4386.750050
CD0,4386.877289
AW1,4386.991765
AL1,4386.991938
DE1,4393.029073
DL1,4393.029398
DW1,4393.029617
RE1,4393.029758
CA4,4393.158881
AW1,4393.159396
DW1,4393.280606
DE1,4393.281465
AW2,4394.452298
AL2,4394.452774
DE2,4397.596923
DL2,4397.597442
DW2,4397.597915
RE2,4397.598295
AW6,4397.731091
DE5,4402.921445
DE6,4405.201303
DW6,4405.201580
RE6,4405.201688
AW1,4405.327019
AL1,4405.327492
CD0,4405.328246
DE1,4411.098354
DL1,4411.098882
DW1,4411.099320
RE1,4411.099699
CA1,4411.215446
AW1,4411.215931
DE1,4411.353306
DW1,4411.353589
RE1,4411.353773
AW2,4412.035871
AL2,4412.036102
DE2,4416.672566
DL2,4416.672871
DW2,4416.673086
RE2,4416.673229
AW4,4416.801442
DE3,4420.236846
DE4,4424.582334
DW4,4424.582674
RE4,4424.582839
RE1,4424.708331
AW1,4424.708861
AL1,4424.709333
CD0,4424.710103
DE1,4428.977170
DL1,4428.977736
DW1,4428.978192
RE1,4428.978571
CA4,4429.111411
AW1,4429.112425
DW1,4429.245430
AW2,4429.245912
AL2,4429.246382
DE1,4429.247473
DE2,4433.252885
DL2,4433.253099
DW2,4433.253247
RE2,4433.253346
AW6,4433.383428
DE5,4436.609742
DE6,4439.065589
DW6,4439.065923
RE6,4439.066073
RE1,4439.204117
AW1,4439.204649
AL1,4439.205093
CD0,4439.205845
DE6,4443.039004
DE1,4448.873448
DL1,4448.874050
DW1,4448.874506
RE1,4448.874888
CA1,4449.017796
AW1,4449.018784
DW1,4449.156469
AW2,4449.156636
AL2,4449.156779
DE1,4449.157458
DE2,4454.523133
DL2,4454.523637
DW2,4454.524271
RE2,4454.524657
AW3,4454.653841
DE3,4458.191333
DW3,4458.191648
RE3,4458.191793
RE1,4458.316391
AW1,4458.316689
AL1,4458.316886
CD0,4458.317690
DE1,4462.441561
DL1,4462.441908
DW1,4462.442109
RE1,4462.442249
CA1,4462.572531
AW1,4462.573049
DW1,4462.693722
AW2,4462.694047
AL2,4462.694242
DE2,4467.436223
DL2,4467.436494
DW2,4467.436691
RE2,4467.436831
AW4,4467.567558
DE3,4471.049076
DE4,4473.344751
DW4,4473.345072
RE4,4473.345224
AW1,4473.483492
AL1,4473.483666
CD0,4473.484488
DE4,4477.333118
DE1,4481.333464
DL1,4481.334069
DW1,4481.334525
RE1,4481.334912
CA4,4481.477822
AW1,4481.478803
DE1,4481.600518
DW1,4481.600793
RE1,4481.600937
AW2,4481.601123
AL2,4481.601311
DE2,4486.142576
DL2,4486.142850
DW2,4486.143047
RE2,4486.143187
AW5,4486.285985
DE5,4489.807678
DW5,4489.807991
RE5,4489.808132
RE1,4489.932629
AW1,4489.933162
AL1,4489.933603
CD0,4489.934435
DE5,4493.786895
DE1,4496.589300
DL1,4496.589825
DW1,4496.590263
RE1,4496.590640
CA1,4496.723547
AW1,4496.724037
DW1,4496.843199
AW2,4496.843422
AL2,4496.843575
DE1,4497.513356
DE2,4500.925831
DL2,4500.926048
DW2,4500.926198
RE2,4500.926327
AW3,4501.051332
DE3,4504.528012
DW3,4504.528319
RE3,4504.528443
RE1,4504.653138
AW1,4504.653388
AL1,4504.653542
CD0,4504.654980
DE1,4508.716234
DL1,4508.716476
DW1,4508.716631
RE1,4508.716731
CA4,4508.847626
AW1,4508.847990
DW1,4510.122487
AW2,4510.122665
AL2,4510.122817
DE2,4512.420601
DL2,4512.420814
DW2,4512.420963
RE2,4512.421062
AW6,4512.551554
DE5,4515.794216
DE6,4518.283751
DW6,4518.284428
RE6,4518.284867
RE1,4518.423378
AW1,4518.423906
AL1,4518.424467
CD0,4518.425249
DE1,4523.645788
DL1,4523.646360
DW1,4523.646839
RE1,4523.647220
CA1,4523.788980
AW1,4523.789993
DE1,4523.913744
DW1,4523.913930
RE1,4523.914104
AW2,4523.914240
AL2,4523.914381
DE1,4527.977696
DE2,4532.296901
DL2,4532.297447
DW2,4532.297924
RE2,4532.298305
AW4,4532.441193
DE3,4535.699684
DE4,4538.798286
DW4,4538.798910
RE4,4538.799295
RE1,4538.938037
AW1,4538.938611
AL1,4538.939049
CD0,4538.939938
DE1,4543.125151
DL1,4543.125688
DW1,4543.126137
RE1,4543.126530
CA4,4543.257938
AW1,4543.258965
DW1,4543.377527
AW2,4543.378002
AL2,4543.378448
DE2,4547.813742
DL2,4547.814087
DW2,4547.814270
RE2,4547.814388
AW6,4547.944360
DE5,4551.292083
DE6,4553.826885
DW6,4553.827500
RE6,4553.827897
RE1,4553.967964
AW1,4553.968500
AL1,4553.968946
CD0,4553.969711
DE1,4558.940296
DL1,4558.940829
DW1,4558.941279
RE1,4558.941666
CA4,4559.071821
AW1,4559.072238
AL2,4559.191459
DW1,4559.987653
AW2,4559.987831
DE2,4563.123684
DL2,4563.123940
DW2,4563.124178
RE2,4563.124279
AW5,4563.255462
DE2,4567.281231
DE5,4569.176646
DW5,4569.177208
RE5,4569.177593
AW1,4569.314885
AL1,4569.315405
CD0,4569.316207
DE5,4573.151334
DE1,4579.336703
DL1,4579.337294
DW1,4579.337734
RE1,4579.338141
CA1,4579.483648
AW1,4579.484752
DW1,4579.605004
AW2,4579.605203
AL2,4579.605362
DE2,4586.051779
DL2,4586.052300
DW2,4586.052733
RE2,4586.053156
AW3,4586.197180
DE3,4589.450183
DW3,4589.450755
RE3,4589.451191
RE1,4589.589751
AW1,4589.590318
AL1,4589.590801
CD0,4589.591556
DE1,4594.258121
DL1,4594.258705
DW1,4594.259185
RE1,4594.259582
CA4,4594.404902
AW1,4594.405959
DW1,4594.526585
AW2,4594.526780
AL2,4594.526939
DE2,4597.795378
DL2,4597.795887
DW2,4597.796374
RE2,4597.796757
AW6,4597.939045
DE5,4601.195599
DE6,4603.589079
DW6,4603.589644
RE6,4603.590084
RE1,4603.728054
AW1,4603.728601
AL1,4603.729078
CD0,4603.729841
DE1,4609.644977
DL1,4609.645273
DW1,4609.645478
RE1,4609.645622
CA1,4609.775410
AW1,4609.775894
DW1,4609.911871
AW2,4609.912105
AL2,4609.912305
DE1,4609.913084
DE2,4614.188706
DL2,4614.188977
DW2,4614.189182
RE2,4614.189327
AW4,4614.319419
DE3,4617.496369
DE4,4620.208232
DW4,4620.208585
RE4,4620.208753
RE1,4620.333014
AW1,4620.333315
AL1,4620.333520
CD0,4620.334390
DE1,4624.292098
DL1,4624.292391
DW1,4624.292595
RE1,4624.292741
CA1,4624.404979
AW1,4624.405490
DE1,4624.561065
DW1,4624.561366
RE1,4624.561510
AW2,4626.300686
AL2,4626.300927
DE2,4629.000765
DL2,4629.001045
DW2,4629.001247
RE2,4629.001388
AW4,4629.131528
DE3,4632.446023
DE4,4634.902866
DW4,4634.903448
RE4,4634.903844
AW1,4635.029244
AL1,4635.029725
CD0,4635.030501
DE1,4639.355419
DL1,4639.355957
DW1,4639.356405
RE1,4639.356790
CA4,4639.489397
AW1,4639.490416
DW1,4639.633883
AW2,4639.634136
AL2,4639.634287
DE1,4639.635041
DE2,4644.255151
DL2,4644.255363
DW2,4644.255512
RE2,4644.255611
AW5,4644.381916
DE5,4647.458208
DW5,4647.458514
RE5,4647.458620
RE1,4647.582401
AW1,4647.582648
AL1,4647.582801
CD0,4647.583621
DE5,4651.433056
DE1,4655.941798
DL1,4655.942065
DW1,4655.942261
RE1,4655.942361
CA4,4656.073231
AW1,4656.073593
AL2,4656.193827
DE1,4656.484084
DW1,4656.484292
RE1,4656.484398
AW2,4656.889270
DE2,4661.097255
DL2,4661.097474
DW2,4661.097629
RE2,4661.097732
AW5,4661.228829
DE5,4664.972260
DW5,4664.972594
RE5,4664.972756
AW1,4665.097413
AL1,4665.097656
CD0,4665.098419
DE5,4668.956340
DE1,4674.391511
DL1,4674.392071
DW1,4674.392524
RE1,4674.392923
CA4,4674.537717
AW1,4674.538733
DW1,4674.660754
AW2,4674.660941
AL2,4674.661090
DE1,4676.976896
DE2,4679.207615
DL2,4679.208132
DW2,4679.208576
RE2,4679.208967
AW5,4679.353610
DE5,4682.762453
DW5,4682.763025
RE5,4682.763422
AW1,4682.888181
AL1,4682.888663
CD0,4682.889433
DE5,4686.739180
DE1,4692.181644
DL1,4692.181933
DW1,4692.182137
RE1,4692.182279
CA4,4692.312016
AW1,4692.312479
DW1,4692.524751
AW2,4692.646347
AL2,4692.646519
DE2,4698.641697
DL2,4698.641958
DW2,4698.642158
RE2,4698.642299
AW5,4698.772248
DE5,4702.340675
DW5,4702.341001
RE5,4702.341150
AW1,4702.465717
AL1,4702.466186
CD0,4702.466938
DE5,4706.318420
DE1,4711.693627
DL1,4711.694230
DW1,4711.694681
RE1,4711.695063
CA1,4711.823614
AW1,4711.824164
DW1,4711.946155
AW2,4711.946349
AL2,4711.946535
DE2,4715.390189
DL2,4715.390401
DW2,4715.390551
RE2,4715.390670
AW3,4715.519785
DE3,4718.675400
DW3,4718.675677
RE3,4718.675782
RE1,4718.814668
AW1,4718.814919
AL1,4718.815108
CD0,4718.815855
DE1,4723.361436
DL1,4723.361685
DW1,4723.361917
RE1,4723.362035
CA1,4723.491632
AW1,4723.491998
DE1,4723.614877
DW1,4723.615078
RE1,4723.615184
AW2,4723.615333
AL2,4723.615479
DE2,4727.770692
DL2,4727.770908
DW2,4727.771061
RE2,4727.771160
AW4,4727.901383
DE3,4732.435223
DE4,4736.022452
DW4,4736.023015
RE4,4736.023499
AW1,4736.148562
AL1,4736.149039
CD0,4736.149866
DE1,4740.450043
DL1,4740.450635
DW1,4740.451073
RE1,4740.451453
CA4,4740.582519
AW1,4740.583621
DW1,4740.726159
AW2,4740.726658
AL2,4740.727097
DE1,4740.728194
DE2,4743.710131
DL2,4743.710638
DW2,4743.711102
RE2,4743.711501
AW5,4743.856544
DE3,4747.084285
DW5,4747.224156
CD0,4747.224966
DE4,4749.825397
AW1,4757.212006
AL1,4757.212184
CD0,4757.212934
DE1,4759.261950
DL1,4759.262506
DW1,4759.262952
RE1,4759.263333
CA1,4759.378873
AW1,4759.379310
DE1,4760.955885
DW1,4760.956102
RE1,4760.956207
AW2,4763.888537
AL2,4763.889011
DE2,4767.650640
DL2,4767.651173
DW2,4767.651611
RE2,4767.651991
AW3,4767.781095
DE5,4771.413590
DW3,4771.545587
CD0,4771.546384
DE1,4780.998844
AW1,4781.544950
AL1,4781.545155
CD0,4781.545912
DE1,4782.938884
DL1,4782.939120
DW1,4782.939276
RE1,4782.939374
CA1,4783.069385
AW1,4783.069797
DW1,4783.222099
AW2,4783.222281
AL2,4783.222431
DE1,4783.223139
DE2,4787.145182
DL2,4787.145416
DW2,4787.145571
RE2,4787.145672
AW4,4787.278783
DE3,4792.437381
DE4,4794.824165
DW4,4794.824540
RE4,4794.824917
AW1,4794.951270
AL1,4794.951761
CD0,4794.952522
DE1,4799.411335
DL1,4799.411697
DW1,4799.411905
RE1,4799.412047
CA4,4799.542286
AW1,4799.542839
DE1,4799.695142
DW1,4799.695452
RE1,4799.695599
AW2,4800.866120
AL2,4800.866400
DE1,4803.866313
DE2,4807.026497
DL2,4807.027066
DW2,4807.027580
RE2,4807.027965
AW5,4807.161162
DE5,4810.271046
DW5,4810.271414
RE5,4810.271565
RE1,4810.410224
AW1,4810.410567
AL1,4810.410772
CD0,4810.411527
DE5,4814.260544
DE1,4818.054886
DL1,4818.055176
DW1,4818.055376
RE1,4818.055517
CA4,4818.185279
AW1,4818.185827
DW1,4819.472841
AW2,4819.473064
AL2,4819.473256
DE2,4822.165453
DL2,4822.165744
DW2,4822.165951
RE2,4822.166093
AW6,4822.305652
DE5,4828.576034
DE6,4830.853047
DW6,4830.853682
RE6,4830.854274
AW1,4830.979486
AL1,4830.979836
CD0,4830.980598
DE1,4838.270469
DL1,4838.270791
DW1,4838.270952
RE1,4838.271053
CA4,4838.401634
AW1,4838.402099
DW1,4838.521972
AL2,4838.522173
DE1,4838.777120
AW2,4839.723871
DE2,4844.666426
DL2,4844.666716
DW2,4844.666916
RE2,4844.667077
AW6,4844.789905
DE5,4848.272463
DE6,4850.962513
DW6,4850.963115
RE6,4850.963509
AW1,4851.089032
AL1,4851.089505
CD0,4851.090259
