DW1,5.730358
DW2,5.734510
DW3,5.738273
DW4,5.741982
DW5,5.745828
DW6,5.749964
CD0,5.753371
CD0,6.039456
RE1,8.562364
CD1,12.175956
DE2,161.934099
DE2,165.934322
CD1,167.049256
RE1,168.792829
DE2,169.945682
DE1,172.686990
DW1,172.690039
RE1,172.693027
CA1,172.695928
DW1,172.699151
AW2,172.702384
DE2,187.394652
DW2,187.398572
RE2,187.402286
DW2,187.406020
AW4,187.409951
DE6,189.655192
DW4,189.659787
CD1,189.663952
DE5,193.084977
DE4,197.372674
AW1,199.660046
CD0,199.663047
DE3,201.052788
DE1,206.419112
DW1,206.422196
RE1,206.425123
CA1,206.428018
DW1,206.431065
AW2,206.434279
DE2,209.074495
DW2,209.077534
RE2,209.080440
DW2,209.084845
AW4,209.091206
DE6,226.373776
DW4,226.383688
CD1,226.387204
DE1,229.920706
DE1,235.377066
AW1,236.386180
CD0,236.389976
DE1,237.111058
DW1,237.114108
RE1,237.117011
CA1,237.119895
DW1,237.122952
AW2,237.126168
DE2,239.926688
DW2,239.929723
RE2,239.932613
DW2,239.936851
AW4,239.941279
DE4,242.409383
DW4,242.413341
RE4,242.417020
DW4,242.420725
AW1,242.427808
CD1,242.431816
DE3,245.877297
DE1,251.337522
DW1,251.340579
RE1,251.343505
CA1,251.346423
DW1,251.351731
AW2,251.354968
DE2,255.211440
DW2,255.215477
RE2,255.219206
DW2,255.224526
AW3,255.228820
DE3,257.450262
DW3,257.453351
RE3,257.456308
DW3,257.460050
CD1,257.463238
DE4,260.100634
DE1,267.307021
CA1,267.310121
DW1,267.317085
AW2,267.320311
DE2,271.838345
DW2,271.842265
RE2,271.846011
DW2,271.854428
AW4,271.858446
DE5,274.123940
DW4,274.134672
CD1,274.145019
AW1,284.135191
CD0,284.138947
DE3,286.951956
DE1,289.742525
DW1,289.746422
RE1,289.750112
CA1,289.761027
DW1,289.764942
AW2,289.768835
DE2,294.222020
DW2,294.225082
RE2,294.228014
DW2,294.230913
AW4,294.236082
DE4,297.360302
DW4,297.364247
RE4,297.368112
DW4,297.379597
AW1,297.383658
CD1,297.404780
DE1,301.839940
DW1,301.844148
RE1,301.847987
CA4,301.859469
DW1,301.863459
AW2,301.875737
DE2,304.559404
DW2,304.563377
RE2,304.567079
DW2,304.576169
AW5,304.580054
DE5,312.050277
DW5,312.054146
RE5,312.057866
RE1,312.067268
DW5,312.071117
AW1,312.074844
CD4,312.083137
DE6,315.595357
DE1,317.634440
DW1,317.638310
RE1,317.641976
CA4,317.651375
DW1,317.655280
AW2,317.658959
DE2,320.545949
DW2,320.549830
RE2,320.553586
DW2,320.562712
AW6,320.566790
DE3,323.554451
DW6,323.562985
CD4,323.566899
DE2,326.252625
DE1,328.812458
AW1,333.563833
CD0,333.567698
DE1,333.955782
DW1,333.959689
RE1,333.963622
CA4,333.967409
DW1,333.974048
AW2,333.977918
DE2,338.756984
DW2,338.760853
RE2,338.764531
DW2,338.775846
AW6,338.779628
DE6,342.181118
DW6,342.185352
RE6,342.189040
DW6,342.197673
AW1,342.201799
CD4,342.205777
DE5,345.262136
DE1,347.333060
DW1,347.337058
RE1,347.340906
CA4,347.350218
DW1,347.354262
AW2,347.358021
DE2,354.758156
DW2,354.762142
RE2,354.765973
DW2,354.769752
AW6,354.773793
DE4,357.446690
DW6,357.455134
CD4,357.459062
DE1,360.416752
DE1,365.041725
AW1,367.455843
CD0,367.459648
DE1,367.734915
DW1,367.738893
RE1,367.742625
CA4,367.746415
DW1,367.750442
AW2,367.754504
DE2,370.119987
DW2,370.124096
RE2,370.128151
DW2,370.132045
AW5,370.136868
DE5,373.096025
DW5,373.099889
RE5,373.103635
DW5,373.107316
AW1,373.111204
CD4,373.115823
DE1,379.225963
DW1,379.230086
RE1,379.234001
CA1,379.245462
DW1,379.249327
AW2,379.259324
DE2,390.298948
DW2,390.302814
RE2,390.306530
DW2,390.315665
DE3,394.468908
DE4,396.236736
RE1,396.240592
DW4,396.244272
AW1,396.250066
CD1,396.256103
DE1,399.275690
DW1,399.279544
RE1,399.283304
CA4,399.292574
DW1,399.296413
AW2,399.300092
DE2,402.316715
DW2,402.320853
RE2,402.324531
DW2,402.332103
AW5,402.338009
DE5,403.997015
DW5,404.000996
RE5,404.004851
RE1,404.008748
DW5,404.014041
AW1,404.017905
CD4,404.021590
DE5,408.886269
DE1,411.629842
DW1,411.633808
RE1,411.637542
CA4,411.641935
DW1,411.646238
AW2,411.650249
DE2,414.798038
DW2,414.802015
RE2,414.805874
DW2,414.809677
AW5,414.813741
DE5,417.566313
DW5,417.570293
RE5,417.574116
DW5,417.583541
CD4,417.587473
DE1,426.350949
CA1,426.354861
DW1,426.359336
AW2,426.363362
DE1,430.344428
DE2,434.575898
DW2,434.579842
RE2,434.583839
DW2,434.587650
AW3,434.591624
DE3,438.498143
DW3,438.502061
RE1,438.505798
RE3,438.517368
DW3,438.521258
AW1,438.544471
CD1,438.548704
DE1,443.218006
DW1,443.221949
RE1,443.225800
CA4,443.237319
DW1,443.241283
AW2,443.264488
DE2,446.193265
DW2,446.197215
RE2,446.201107
DW2,446.212797
AW5,446.216781
DE5,449.171350
DW5,449.175345
RE5,449.179074
RE1,449.190844
DW5,449.194923
AW1,449.211594
CD4,449.216009
DE1,454.514059
DW1,454.518236
RE1,454.521964
CA1,454.533407
DW1,454.537243
AW2,454.547649
DE2,457.362870
DW2,457.366941
RE2,457.370772
DW2,457.381992
AW3,457.385911
DE6,461.202847
DW3,461.211348
CD1,461.215202
DE1,468.382242
AW1,471.213437
CD0,471.217227
DE1,471.540840
DW1,471.544709
RE1,471.548392
CA4,471.557709
DW1,471.561524
AW2,471.565293
DE2,474.021675
DW2,474.025598
RE2,474.029274
DW2,474.033212
AW5,474.037334
DE3,476.885388
DW5,476.893844
CD4,476.897643
DE4,478.255251
DE5,482.207512
AW1,486.894442
CD0,486.898173
DE1,491.222246
DW1,491.226119
RE1,491.230258
CA1,491.239168
DW1,491.243237
AW2,491.246968
DE2,494.261687
DW2,494.265637
RE2,494.269313
DW2,494.274257
AW3,494.278401
DE5,497.574623
DW3,497.582851
CD1,497.586879
DE6,499.345170
DE6,503.712997
DE1,505.425186
AW1,507.584808
CD0,507.588625
DE1,507.848495
DW1,507.852539
RE1,507.856439
CA4,507.860251
DW1,507.864377
AW2,507.868436
DE2,510.632245
DW2,510.636215
RE2,510.640085
DW2,510.643956
AW5,510.647894
DE3,513.720516
DW5,513.728996
CD4,513.733116
DE1,516.738426
DE1,520.737552
AW1,523.729881
CD0,523.733818
DE1,524.186820
DW1,524.190744
CA1,524.194532
RE1,524.204264
DW1,524.208213
AW2,524.212055
DE2,528.649327
DW2,528.653424
RE2,528.657273
DW2,528.666658
AW3,528.670593
DE5,531.483249
DW3,531.491411
CD1,531.495671
DE1,533.859604
DE1,537.861129
AW1,541.492308
CD0,541.496208
DE1,542.059376
DW1,542.063419
RE1,542.067259
CA4,542.071055
DW1,542.077648
AW2,542.081598
DE2,544.396361
DW2,544.400357
RE2,544.404184
DW2,544.408019
AW5,544.412266
DE3,547.516033
DW5,547.524206
CD4,547.528196
DE1,550.165843
DE1,556.438669
AW1,557.526216
CD0,557.530060
DE1,557.756852
DW1,557.760789
RE1,557.764658
CA1,557.768514
DW1,557.772468
AW2,557.776467
DE2,561.165925
DW2,561.169934
RE2,561.173851
DW2,561.177699
AW3,561.181685
DE3,564.270976
DW3,564.274899
RE3,564.278790
DW3,564.290161
AW1,564.294329
CD1,564.314761
DE1,568.990928
DW1,568.994871
RE1,568.998724
CA4,569.010568
DW1,569.014511
AW2,569.034765
DE2,571.982082
DW2,571.985986
RE2,571.989875
DW2,571.994462
DE5,575.640890
DE6,577.343912
RE1,577.347768
DW6,577.352039
AW1,577.355764
CD4,577.362311
DE1,580.991347
DW1,580.995274
RE1,580.998959
CA4,581.002651
DW1,581.006516
AW2,581.010905
DE2,584.256477
DW2,584.260426
RE2,584.264329
DW2,584.274010
AW5,584.277860
DE5,587.153147
DW5,587.157059
RE5,587.160906
DW5,587.170251
AW1,587.174183
CD4,587.177952
DE1,591.905998
DW1,591.909949
RE1,591.913841
CA4,591.925545
DW1,591.929488
AW2,591.954535
DE2,594.402358
DW2,594.406380
RE2,594.410213
DW2,594.421602
AW6,594.425671
DE6,597.730128
DW6,597.734000
RE6,597.737708
DW6,597.741405
AW1,597.745402
CD4,597.751034
DE1,602.834811
DW1,602.838671
CA4,602.842340
RE1,602.846035
DW1,602.850002
AW2,602.855762
DE2,607.395093
DW2,607.399028
RE2,607.402749
DW2,607.406451
AW6,607.410351
DE6,610.739406
DW6,610.743995
RE6,610.747841
DW6,610.757029
CD4,610.760951
DE1,615.572225
CA1,615.576208
DW1,615.580752
AW2,615.589306
DE1,619.789463
DE2,623.333048
DW2,623.336999
RE2,623.340830
DW2,623.349741
AW4,623.353900
DE4,628.086119
DW4,628.090018
RE4,628.093870
RE1,628.105718
DW4,628.109637
AW1,628.134514
CD1,628.138692
DE1,631.747960
DW1,631.751023
CA4,631.753959
RE1,631.756844
DW1,631.763398
AW2,631.766408
DE2,636.260538
DW2,636.263618
RE2,636.266561
DW2,636.270606
AW5,636.277100
DE5,638.408379
DW5,638.412475
RE5,638.417102
RE1,638.429078
DW5,638.432861
AW1,638.456411
CD4,638.460632
DE1,643.063555
DW1,643.067476
RE1,643.071348
CA1,643.083228
DW1,643.087186
AW2,643.096346
DE2,647.287057
DW2,647.290950
RE2,647.294808
DW2,647.303909
AW3,647.307854
DE6,650.471058
DW3,650.479585
CD1,650.487854
DE1,653.233630
DE1,657.232392
AW1,660.482459
CD0,660.486185
DE1,660.968040
DW1,660.972113
RE1,660.976461
CA1,660.988528
DW1,660.992301
AW2,661.014527
DE2,665.817058
DW2,665.820942
RE2,665.824623
DW2,665.835988
AW4,665.839767
DE4,670.521309
DW4,670.525245
RE4,670.528924
DW4,670.540084
AW1,670.546356
CD1,670.550375
DE1,674.521670
DW1,674.525669
RE1,674.529548
CA1,674.538776
DW1,674.542749
AW2,674.546582
DE2,677.033750
DW2,677.037709
RE2,677.041610
DW2,677.050933
AW4,677.054937
DE5,683.066828
DW4,683.075605
CD1,683.079964
DE1,685.491774
DE1,689.493433
AW1,693.076654
CD0,693.080502
DE1,693.371608
DW1,693.375614
RE1,693.379442
CA4,693.383370
DW1,693.387381
AW2,693.391372
DE2,696.091226
DW2,696.095290
RE2,696.099150
DW2,696.103168
AW5,696.107151
DE3,699.596421
DW5,699.603501
CD4,699.607373
DE1,702.149256
DE1,706.198261
AW1,709.605539
CD0,709.609366
DE1,709.981256
DW1,709.985294
RE1,709.989092
CA4,709.992997
DW1,709.999845
AW2,710.003780
DE2,713.245282
DW2,713.249270
RE2,713.253177
DW2,713.257028
AW6,713.263767
DE6,716.397883
DW6,716.401788
RE6,716.405669
DW6,716.409460
AW1,716.416438
CD4,716.420290
DE1,720.991046
DW1,720.994963
RE1,720.998827
CA1,721.002601
DW1,721.006617
AW2,721.010619
DE2,723.454801
DW2,723.458764
RE2,723.462660
DW2,723.466436
AW4,723.470403
DE6,726.957792
DW4,726.966529
CD1,726.969581
DE1,731.289227
AW1,736.969068
CD0,736.972972
DE1,737.872619
DW1,737.876534
RE1,737.880373
CA4,737.884273
DW1,737.888306
AW2,737.892300
DE2,740.783753
DW2,740.787738
RE2,740.791641
DW2,740.795501
AW6,740.799540
DE3,744.240730
DW6,744.249605
CD4,744.257753
DE1,746.586422
DE1,750.635484
AW1,754.250290
CD0,754.254071
DE1,756.689308
DW1,756.693267
RE1,756.696987
CA4,756.706001
DW1,756.709863
AW2,756.713627
DE2,759.649173
DW2,759.653364
RE2,759.657081
DW2,759.666578
AW6,759.670396
DE5,765.292227
DE6,766.930524
DW6,766.934397
RE6,766.938065
DW6,766.949798
AW1,766.955736
CD4,766.976433
DE6,770.956411
DE1,773.988568
DW1,773.992514
RE1,773.996319
CA1,774.005712
DW1,774.009743
AW2,774.013701
DE2,776.404807
DW2,776.408785
RE2,776.412630
DW2,776.423069
AW3,776.427170
DE3,779.990036
DW3,779.994101
RE3,779.997839
RE1,780.007309
DW3,780.011202
AW1,780.015136
CD1,780.021957
DE1,784.693785
DW1,784.697821
RE1,784.701774
CA1,784.707408
DW1,784.721067
AW2,784.744190
DE2,788.213796
DW2,788.217657
RE2,788.221330
DW2,788.225024
AW4,788.228921
DE5,791.925633
DW4,791.934421
CD1,791.938341
DE1,794.255993
DE1,798.256043
AW1,801.934586
CD0,801.937537
DE1,802.133738
DW1,802.136775
RE1,802.139667
CA4,802.142551
DW1,802.149971
AW2,802.153144
DE2,805.863327
DW2,805.867452
RE2,805.871460
DW2,805.875279
AW5,805.879185
DE4,809.319870
DW5,809.327788
CD4,809.336420
DE1,812.497385
DE1,816.673608
AW1,819.329697
CD0,819.333505
DE1,820.104549
DW1,820.108389
RE1,820.112053
CA4,820.115746
DW1,820.121909
AW2,820.125839
DE2,822.728725
DW2,822.732609
RE2,822.736412
DW2,822.744535
AW5,822.748622
DE2,829.634936
DE5,831.594466
DW5,831.598378
RE5,831.602206
DW5,831.613529
AW1,831.617354
CD4,831.621040
DE1,836.635422
DW1,836.639333
RE1,836.643215
CA4,836.647017
DW1,836.651043
AW2,836.655112
DE2,839.419610
DW2,839.423607
RE2,839.427423
DW2,839.437897
AW6,839.441715
DE6,842.731200
DW6,842.735137
RE6,842.738813
DW6,842.748213
AW1,842.752038
CD4,842.755744
DE1,847.435612
DW1,847.439450
RE1,847.443204
CA4,847.452487
DW1,847.456286
AW2,847.459973
DE2,850.076000
DW2,850.080144
RE2,850.083904
DW2,850.090487
AW6,850.094783
DE5,852.581474
DE6,854.221259
DW6,854.225271
RE6,854.229131
DW6,854.233008
AW1,854.237049
CD4,854.241021
DE1,858.956844
DW1,858.960800
RE1,858.964634
CA4,858.968496
DW1,858.972429
AW2,858.976473
DE2,861.645369
DW2,861.649313
RE2,861.653273
DW2,861.657241
AW5,861.662288
DE5,863.710659
DW5,863.714689
RE5,863.718656
DW5,863.722711
AW1,863.727010
CD4,863.731021
DE1,868.381995
DW1,868.385949
CA1,868.389776
RE1,868.393779
DW1,868.397849
AW2,868.401905
DE2,873.006312
DW2,873.010315
RE2,873.014230
DW2,873.026014
AW3,873.029972
DE3,876.255548
DW3,876.259525
RE3,876.263381
RE1,876.274856
DW3,876.278790
AW1,876.304466
CD1,876.308688
DE1,880.543890
DW1,880.547745
RE1,880.551423
CA1,880.555178
DW1,880.559109
AW2,880.563165
DE2,883.504519
DW2,883.508489
RE2,883.512300
DW2,883.516127
AW3,883.520146
DE3,886.816275
DW3,886.820204
RE3,886.824031
DW3,886.828127
AW1,886.832221
CD1,886.836151
DE1,891.378355
DW1,891.382371
RE1,891.386161
CA1,891.394502
DW1,891.398376
AW2,891.402073
DE2,893.985022
DW2,893.988920
RE2,893.992666
DW2,894.002144
AW4,894.005946
DE4,898.146647
DW4,898.150505
RE4,898.154192
DW4,898.163688
AW1,898.167507
CD1,898.171190
DE1,902.659394
DW1,902.663331
RE1,902.667008
CA1,902.676214
DW1,902.680038
AW2,902.683804
DE2,905.235267
DW2,905.239134
RE2,905.243032
DW2,905.252129
AW3,905.256289
DE6,908.803561
DW3,908.812131
CD1,908.820262
DE5,910.396784
DE1,912.813208
DE1,916.813332
AW1,918.812776
CD0,918.816525
DE1,919.620275
DW1,919.624132
CA1,919.627817
RE1,919.639114
DW1,919.642991
AW2,919.664414
DE2,923.684472
DW2,923.688321
RE2,923.691996
DW2,923.703352
AW4,923.707119
DE4,926.837374
DW4,926.841403
RE4,926.845170
DW4,926.851514
AW1,926.855752
CD1,926.859560
DE1,931.747078
DW1,931.750161
RE1,931.753144
CA4,931.756034
DW1,931.761029
AW2,931.764147
DE2,934.437250
DW2,934.441298
RE2,934.445741
DW2,934.454437
AW5,934.458357
DE5,937.975424
DW5,937.979362
RE5,937.983182
RE1,937.994676
DW5,937.998936
AW1,938.003106
CD4,938.007742
DE1,942.966845
DW1,942.970705
RE1,942.974391
CA1,942.983495
DW1,942.987481
AW2,942.991185
DE2,946.614846
DW2,946.618724
RE2,946.622403
DW2,946.631957
AW3,946.635790
DE3,949.848322
DW3,949.852193
RE3,949.855880
RE1,949.860712
DW3,949.865043
AW1,949.868898
CD1,949.872581
DE1,954.264872
DW1,954.268758
RE1,954.272452
CA4,954.281438
DW1,954.285416
AW2,954.289103
DE2,957.207547
DW2,957.211428
RE2,957.215178
DW2,957.224766
AW5,957.228828
DE3,960.824075
DW5,960.833324
CD4,960.840453
DE4,963.074455
DE2,964.898598
DE1,965.538387
DE1,969.539699
AW1,970.834096
CD0,970.837965
DE1,971.290337
DW1,971.294306
RE1,971.298102
CA4,971.301960
DW1,971.308586
AW2,971.312477
DE2,973.927596
DW2,973.930651
RE2,973.933598
DW2,973.937538
AW5,973.940712
DE5,977.754205
DW5,977.758062
RE5,977.761743
DW5,977.765519
AW1,977.771996
CD4,977.775897
DE1,982.778804
DW1,982.782678
RE1,982.786406
CA4,982.790839
DW1,982.795030
AW2,982.799338
DE2,985.547226
DW2,985.551104
RE2,985.554794
DW2,985.563893
AW6,985.567787
DE6,989.147397
DW6,989.151256
RE6,989.154932
DW6,989.164410
AW1,989.168236
CD4,989.171917
DE1,993.514809
DW1,993.518930
RE1,993.522608
CA1,993.533979
DW1,993.537744
AW2,993.554692
DE2,996.140514
DW2,996.144542
RE2,996.148595
DW2,996.152518
AW4,996.156672
DE5,999.741482
DW4,999.748368
CD1,999.752174
DE1,1005.687075
DE1,1009.804490
CA1,1009.808454
AW2,1009.812384
CD1,1009.824126
DE1,1014.006788
DE2,1016.030723
DW2,1016.034694
RE2,1016.038552
DW2,1016.042325
AW4,1016.046358
DE4,1019.421844
DW4,1019.425715
RE4,1019.429401
DW4,1019.433176
AW1,1019.443504
CD0,1019.447227
DE1,1023.437954
DW1,1023.441813
RE1,1023.445510
CA4,1023.456682
DW1,1023.460525
AW2,1023.472493
DE2,1026.111242
DW2,1026.115354
RE2,1026.119261
DW2,1026.124433
AW5,1026.130388
DE5,1031.503970
DW5,1031.507801
RE5,1031.511477
DW5,1031.515239
AW1,1031.519147
CD4,1031.523522
DE5,1035.674036
DE1,1038.368186
DW1,1038.372059
RE1,1038.375979
CA1,1038.385446
DW1,1038.389416
AW2,1038.393395
DE2,1041.072628
DW2,1041.076602
RE2,1041.080455
DW2,1041.084248
AW4,1041.088250
DE4,1044.242014
DW4,1044.246108
RE4,1044.249898
RE1,1044.259029
DW4,1044.263154
AW1,1044.266926
CD1,1044.274575
DE1,1048.434365
DW1,1048.438308
RE1,1048.442155
CA4,1048.451500
DW1,1048.455564
AW2,1048.459336
DE2,1051.442495
DW2,1051.446495
RE2,1051.450294
DW2,1051.454175
AW6,1051.458236
DE6,1053.171799
DW6,1053.175784
RE6,1053.179600
RE1,1053.183497
DW6,1053.187565
AW1,1053.191675
CD4,1053.195537
DE1,1057.584896
DW1,1057.587928
RE1,1057.590861
CA4,1057.593777
DW1,1057.598887
AW2,1057.601990
DE2,1060.356184
DW2,1060.360130
RE2,1060.364035
DW2,1060.373482
AW5,1060.377426
DE5,1063.860070
DW5,1063.864059
RE5,1063.867881
DW5,1063.877373
AW1,1063.881261
CD4,1063.884998
DE1,1073.493929
DW1,1073.497855
RE1,1073.501694
CA1,1073.505525
DW1,1073.509651
AW2,1073.513752
DE2,1076.053565
DW2,1076.057515
RE2,1076.061423
DW2,1076.065265
AW4,1076.069308
DE4,1079.559169
DW4,1079.563212
RE4,1079.567009
RE1,1079.576407
DW4,1079.580286
AW1,1079.584045
CD1,1079.591029
DE1,1084.054897
DW1,1084.058823
RE1,1084.073786
CA4,1084.077621
DW1,1084.084732
AW2,1084.089042
DE2,1087.111175
DW2,1087.115263
RE2,1087.119089
DW2,1087.122820
AW5,1087.126841
DE5,1090.406379
DW5,1090.409744
RE5,1090.412680
RE1,1090.415654
DW5,1090.418779
AW1,1090.428475
CD4,1090.431428
DE1,1097.302538
DW1,1097.305643
RE1,1097.308613
CA1,1097.311532
DW1,1097.314826
AW2,1097.318100
DE2,1101.382823
DW2,1101.385847
RE2,1101.388814
DW2,1101.393106
AW4,1101.396307
DE4,1104.599747
DW4,1104.602779
RE1,1104.605687
RE4,1104.608573
DW4,1104.613588
AW1,1104.616644
CD1,1104.619535
DE1,1108.665823
DW1,1108.669741
RE1,1108.673735
CA4,1108.678574
DW1,1108.682829
AW2,1108.688951
DE2,1111.175620
DW2,1111.178669
RE2,1111.181607
DW2,1111.185779
AW6,1111.191137
DE6,1114.697186
DW6,1114.700188
RE6,1114.703241
RE1,1114.706168
DW6,1114.712039
AW1,1114.714970
CD4,1114.717856
DE1,1119.065841
DW1,1119.068833
RE1,1119.071739
CA4,1119.074689
DW1,1119.079448
AW2,1119.082442
DE2,1122.665404
DW2,1122.668490
RE2,1122.671416
DW2,1122.675615
AW5,1122.681759
DE5,1125.706505
DW5,1125.710329
RE5,1125.714008
DW5,1125.717689
AW1,1125.721571
CD4,1125.724648
DE1,1130.186805
DW1,1130.189803
CA4,1130.192692
RE1,1130.195698
DW1,1130.198822
AW2,1130.202045
DE2,1134.220567
DW2,1134.223769
RE2,1134.226786
DW2,1134.229718
AW6,1134.235425
DE6,1137.387126
DW6,1137.390228
RE6,1137.393275
DW6,1137.396977
CD4,1137.401623
DE1,1142.251236
CA1,1142.254369
DW1,1142.261262
AW2,1142.264616
DE2,1146.347842
DW2,1146.350858
RE2,1146.353781
DW2,1146.358104
AW3,1146.361265
DE3,1150.254113
DW3,1150.257250
RE3,1150.260237
RE1,1150.263282
DW3,1150.266388
AW1,1150.269592
CD1,1150.272555
DE1,1154.061013
DW1,1154.064151
RE1,1154.067179
CA1,1154.070189
DW1,1154.073490
AW2,1154.076753
DE2,1157.388922
DW2,1157.391966
RE2,1157.394993
DW2,1157.399353
AW3,1157.402647
DE3,1161.661751
DW3,1161.664948
RE3,1161.667944
DW3,1161.671489
AW1,1161.674878
CD1,1161.678036
DE1,1165.822822
DW1,1165.826087
RE1,1165.829073
CA1,1165.832207
DW1,1165.835360
AW2,1165.838543
DE2,1168.158478
DW2,1168.161564
RE2,1168.164623
DW2,1168.168445
AW4,1168.174538
DE4,1172.095776
DW4,1172.098852
RE4,1172.101765
DW4,1172.105397
AW1,1172.108594
CD1,1172.111776
DE1,1176.687459
DW1,1176.690498
RE1,1176.693476
CA4,1176.696381
DW1,1176.699491
AW2,1176.702696
DE2,1179.343669
DW2,1179.346755
RE2,1179.349692
DW2,1179.353276
AW5,1179.356440
DE5,1182.528591
DW5,1182.531635
RE5,1182.534614
RE1,1182.537521
DW5,1182.540631
AW1,1182.543970
CD4,1182.546912
DE1,1189.330909
DW1,1189.334780
CA4,1189.338594
RE1,1189.342353
DW1,1189.346685
AW2,1189.351660
DE2,1193.858312
DW2,1193.862422
RE2,1193.866622
DW2,1193.870470
AW6,1193.883969
DE6,1197.138876
DW6,1197.143515
RE6,1197.147312
DW6,1197.151063
AW1,1197.154915
CD4,1197.158867
DE1,1201.859547
DW1,1201.863450
RE1,1201.867119
CA4,1201.876209
DW1,1201.879994
AW2,1201.883739
DE2,1204.209966
DW2,1204.213030
RE2,1204.215926
DW2,1204.219856
AW6,1204.223539
DE6,1207.396936
DW6,1207.400805
RE6,1207.404651
DW6,1207.408429
AW1,1207.412361
CD4,1207.416251
DE1,1211.525733
DW1,1211.529607
RE1,1211.533516
CA4,1211.537297
DW1,1211.541372
AW2,1211.545388
DE2,1214.374058
DW2,1214.378037
RE2,1214.381918
DW2,1214.396962
AW5,1214.400755
DE3,1217.619608
DW5,1217.629643
CD4,1217.632998
DE4,1220.622395
DE1,1224.335066
AW1,1227.631564
CD0,1227.634565
DE1,1229.910700
DW1,1229.913915
RE1,1229.916902
CA4,1229.919853
DW1,1229.923088
AW2,1229.926354
DE2,1232.535844
DW2,1232.539713
RE2,1232.543596
DW2,1232.547336
AW6,1232.551287
DE5,1236.159905
DE6,1238.262252
DW6,1238.265342
RE6,1238.268267
DW6,1238.272047
AW1,1238.275225
CD4,1238.288669
DE1,1242.758237
DW1,1242.761232
CA1,1242.764117
RE1,1242.766996
DW1,1242.773157
AW2,1242.776277
DE2,1247.350021
DW2,1247.353101
RE2,1247.356006
DW2,1247.364764
AW3,1247.367777
DE3,1250.199548
DW3,1250.203440
RE3,1250.207114
RE1,1250.210843
DW3,1250.214736
AW1,1250.224279
CD1,1250.228143
DE1,1254.408224
DW1,1254.411321
RE1,1254.414321
CA1,1254.417317
DW1,1254.423774
AW2,1254.427311
DE2,1257.543900
DW2,1257.547068
RE2,1257.550104
DW2,1257.553821
AW4,1257.559081
DE4,1260.968185
DW4,1260.971319
RE4,1260.974355
DW4,1260.978089
AW1,1260.981594
CD1,1261.005764
DE1,1265.543566
DW1,1265.546564
CA4,1265.549453
RE1,1265.552336
DW1,1265.555350
AW2,1265.558553
DE2,1269.912666
DW2,1269.915682
RE2,1269.918573
DW2,1269.922845
AW5,1269.926112
DE5,1273.050862
DW5,1273.054755
RE5,1273.058468
RE1,1273.062186
DW5,1273.074382
AW1,1273.078179
CD4,1273.084370
DE1,1277.769045
DW1,1277.772257
RE1,1277.775172
CA4,1277.778049
DW1,1277.785160
AW2,1277.788065
DE2,1281.321853
DW2,1281.324872
RE2,1281.327932
DW2,1281.332056
DE3,1284.218455
DW5,1284.228459
CD4,1284.234613
DE1,1286.853366
DE1,1290.917436
AW1,1294.229658
CD0,1294.233459
DE1,1294.634817
DW1,1294.637888
CA1,1294.640831
RE1,1294.643783
DW1,1294.646966
AW2,1294.650189
DE2,1298.683775
DW2,1298.686911
RE2,1298.689918
DW2,1298.693928
AW4,1298.697210
DE6,1303.980173
DW4,1303.990283
CD1,1303.993533
DE1,1306.630234
DE1,1310.631819
AW1,1313.990854
CD0,1313.993794
DE1,1314.509176
DW1,1314.512449
RE1,1314.515585
CA1,1314.518780
DW1,1314.522077
AW2,1314.525256
DE2,1319.037652
DW2,1319.040779
RE2,1319.043793
DW2,1319.047789
AW3,1319.050902
DE3,1322.621879
DW3,1322.624893
RE3,1322.627830
DW3,1322.632017
AW1,1322.635170
CD1,1322.638240
DE1,1327.134857
DW1,1327.137881
RE1,1327.140827
CA4,1327.143722
DW1,1327.146765
AW2,1327.149942
DE1,1334.090223
DE2,1335.583302
DW2,1335.586482
RE2,1335.589395
DW2,1335.593267
AW5,1335.596377
DE5,1340.034034
DW5,1340.037858
RE5,1340.041539
RE1,1340.045291
DW5,1340.050748
AW1,1340.054721
CD4,1340.062554
DE1,1343.761644
DW1,1343.765726
RE1,1343.769533
CA4,1343.774337
DW1,1343.786106
AW2,1343.789823
DE2,1346.434745
DW2,1346.438587
RE2,1346.442358
DW2,1346.446543
AW6,1346.450590
DE3,1349.586891
DW6,1349.595649
CD4,1349.598693
DE1,1352.124224
DE1,1356.124257
AW1,1359.596481
CD0,1359.600515
DE1,1359.874381
DW1,1359.877410
RE1,1359.880327
CA4,1359.883248
DW1,1359.888063
AW2,1359.891089
DE2,1362.724566
DW2,1362.728701
RE2,1362.732375
DW2,1362.741661
DE6,1366.005039
DW6,1366.012493
AW1,1366.021495
CD4,1366.025621
DE1,1369.173837
DW1,1369.177763
RE1,1369.181501
CA4,1369.190732
DW1,1369.204335
AW2,1369.209095
DE2,1392.551337
DW2,1392.555256
RE2,1392.558939
DW2,1392.564513
AW6,1392.568620
DE4,1398.022145
DW6,1398.031977
CD4,1398.035129
DE3,1401.185491
DE1,1403.634696
DE1,1407.634689
AW1,1408.033545
CD0,1408.037382
DE1,1408.585464
DW1,1408.589389
RE1,1408.593299
CA1,1408.604829
DW1,1408.608612
AW2,1408.616931
DE2,1411.256375
DW2,1411.260258
RE2,1411.264018
DW2,1411.273319
AW4,1411.277146
DE5,1414.281169
DW4,1414.289432
CD1,1414.296125
DE6,1416.498964
DE1,1418.707560
DE1,1422.707501
AW1,1424.291409
CD0,1424.295208
DE1,1424.634054
DW1,1424.637873
RE1,1424.641545
CA4,1424.645348
DW1,1424.649251
AW2,1424.653285
DE2,1427.754499
DW2,1427.758366
RE2,1427.762039
DW2,1427.765721
AW5,1427.769403
DE5,1431.658891
DW5,1431.662747
RE5,1431.666424
DW5,1431.670109
AW1,1431.676806
CD4,1431.680806
DE1,1437.883747
DW1,1437.887598
RE1,1437.891276
CA4,1437.894974
DW1,1437.898871
AW2,1437.903064
DE2,1440.491661
DW2,1440.495695
RE2,1440.499561
DW2,1440.503440
AW5,1440.507443
DE3,1444.508446
DW5,1444.516749
CD4,1444.520654
DE1,1446.965589
DE1,1451.062509
AW1,1454.517350
CD0,1454.521144
DE1,1455.678084
DW1,1455.681998
CA4,1455.685955
RE1,1455.689911
DW1,1455.694361
AW2,1455.698337
DE2,1459.565497
DW2,1459.569575
RE2,1459.573437
DW2,1459.584557
AW6,1459.588354
DE6,1463.103394
DW6,1463.107317
RE6,1463.111019
DW6,1463.122265
AW1,1463.126348
CD4,1463.143892
DE1,1467.678941
DW1,1467.682868
RE1,1467.686717
CA4,1467.690548
DW1,1467.697156
AW2,1467.700995
DE2,1470.159757
DW2,1470.163933
RE2,1470.167741
DW2,1470.171509
AW6,1470.175593
DE6,1473.504489
DW6,1473.508393
RE6,1473.512130
DW6,1473.515894
AW1,1473.519832
CD4,1473.524013
DE1,1478.095736
DW1,1478.099713
RE1,1478.103523
CA1,1478.115430
DW1,1478.119318
AW2,1478.132426
DE2,1480.720162
DW2,1480.724262
RE2,1480.727971
DW2,1480.731700
AW3,1480.736184
DE5,1484.769771
DW3,1484.777517
CD1,1484.786589
DE1,1487.932048
DE1,1491.931789
AW1,1494.779410
CD0,1494.783210
DE1,1495.107434
DW1,1495.111311
RE1,1495.115030
CA1,1495.124581
DW1,1495.128448
AW2,1495.132132
DE2,1497.827439
DW2,1497.831326
RE2,1497.835037
DW2,1497.844432
AW3,1497.848227
DE4,1501.340541
DE3,1503.844956
DW3,1503.849144
RE3,1503.853063
DW3,1503.863600
AW1,1503.867567
CD1,1503.871323
DE1,1507.588832
DW1,1507.592762
RE1,1507.596603
CA1,1507.600384
DW1,1507.604446
AW2,1507.609275
DE2,1510.148751
DW2,1510.152701
RE2,1510.156735
DW2,1510.164531
AW4,1510.168590
DE4,1513.604302
DW4,1513.608183
RE4,1513.611904
DW4,1513.615651
AW1,1513.619613
CD1,1513.623649
DE2,1517.023162
DE1,1517.797490
DW1,1517.801405
RE1,1517.805532
CA1,1517.817543
DW1,1517.821517
AW2,1517.845017
DE2,1520.693565
DW2,1520.697499
RE2,1520.701279
DW2,1520.705049
AW4,1520.711726
DE4,1524.534791
DW4,1524.538699
RE4,1524.542444
DW4,1524.546245
AW1,1524.552855
CD1,1524.556823
DE1,1528.519053
DW1,1528.523145
RE1,1528.526942
CA1,1528.530790
DW1,1528.534693
AW2,1528.538763
DE2,1531.734362
DW2,1531.738292
RE2,1531.742008
DW2,1531.751040
AW3,1531.754918
DE3,1533.574145
DW3,1533.578013
RE3,1533.581740
DW3,1533.591084
AW1,1533.595204
CD1,1533.599059
DE1,1538.471209
DW1,1538.475391
RE1,1538.479375
CA1,1538.483792
DW1,1538.487784
AW2,1538.491724
DE2,1540.901648
DW2,1540.904872
RE2,1540.907952
DW2,1540.911870
AW3,1540.915300
DE4,1542.720818
DE3,1544.904086
DW3,1544.908142
RE3,1544.912043
DW3,1544.915928
AW1,1544.919908
CD1,1544.924064
DE1,1549.225468
DW1,1549.229497
RE1,1549.233501
CA1,1549.244583
DW1,1549.248439
AW2,1549.252184
DE2,1551.880487
DW2,1551.884402
RE2,1551.888181
DW2,1551.892020
AW3,1551.896011
DE5,1553.896655
DW3,1553.904989
CD1,1553.908823
DE1,1563.363607
AW1,1563.906918
CD0,1563.910687
DE1,1565.306601
DW1,1565.310494
RE1,1565.314208
CA1,1565.317945
DW1,1565.321916
AW2,1565.325874
DE2,1568.122360
DW2,1568.126389
RE2,1568.130268
DW2,1568.134120
AW3,1568.138094
DE3,1570.107062
DW3,1570.110976
RE3,1570.114738
DW3,1570.125999
AW1,1570.129814
CD1,1570.140877
DE1,1574.971279
DW1,1574.975310
RE1,1574.979200
CA4,1574.983043
DW1,1574.987595
AW2,1574.991513
DE2,1577.596558
DW2,1577.600478
RE2,1577.604251
DW2,1577.608009
AW6,1577.612080
DE6,1579.372557
DW6,1579.376523
RE6,1579.380320
RE1,1579.384126
DW6,1579.388215
AW1,1579.392134
CD4,1579.396003
DE1,1583.757160
DW1,1583.761116
RE1,1583.765513
CA4,1583.769500
DW1,1583.773818
AW2,1583.777728
DE2,1586.667903
DW2,1586.672374
RE2,1586.676386
DW2,1586.685568
AW6,1586.689466
DE4,1588.605302
DW6,1588.613582
CD4,1588.617466
DE3,1590.727399
DE2,1595.607812
DE1,1596.327164
AW1,1598.614211
CD0,1598.618044
DE1,1599.374153
DW1,1599.378130
RE1,1599.381974
CA4,1599.385792
DW1,1599.391317
AW2,1599.395360
DE2,1602.862356
DW2,1602.866251
RE2,1602.869937
DW2,1602.879065
AW6,1602.883096
DE3,1604.701617
DW6,1604.710390
CD4,1604.714406
AW1,1614.712388
CD0,1614.716181
DE2,1625.402949
DE1,1626.160258
DW1,1626.164165
RE1,1626.167892
CA4,1626.171656
DW1,1626.175748
AW2,1626.179707
DE2,1629.921161
DW2,1629.925174
RE2,1629.928939
DW2,1629.932686
AW6,1629.936695
DE6,1632.994472
DW6,1632.998370
RE6,1633.002093
DW6,1633.005868
AW1,1633.012474
CD4,1633.016495
DE1,1638.898058
DW1,1638.901979
RE1,1638.905837
CA4,1638.909632
DW1,1638.913766
AW2,1638.917794
DE2,1641.506748
DW2,1641.510725
RE2,1641.514565
DW2,1641.526262
AW5,1641.530200
DE5,1644.403235
DW5,1644.407132
RE5,1644.410822
DW5,1644.414741
AW1,1644.418595
CD4,1644.422767
DE1,1650.435179
DW1,1650.439061
RE1,1650.442732
CA1,1650.451964
DW1,1650.455803
AW2,1650.459487
DE2,1652.899294
DW2,1652.903219
RE2,1652.906895
DW2,1652.914707
AW3,1652.920242
DE3,1655.957098
DW3,1655.961020
RE3,1655.964764
RE1,1655.968525
DW3,1655.972530
AW1,1655.976568
CD1,1655.980837
DE1,1660.260640
DW1,1660.264515
CA1,1660.268197
RE1,1660.274714
DW1,1660.281174
AW2,1660.285019
DE2,1665.700566
DW2,1665.704529
RE2,1665.708392
DW2,1665.712202
AW3,1665.718824
DE3,1669.478331
DW3,1669.482282
RE3,1669.486126
DW3,1669.490507
AW1,1669.496586
CD1,1669.500400
DE1,1673.990445
DW1,1673.994561
RE1,1673.998244
CA4,1674.004443
DW1,1674.008469
AW2,1674.012253
DE2,1676.598201
DW2,1676.602076
RE2,1676.605767
DW2,1676.609501
AW6,1676.613510
DE3,1681.381250
DW6,1681.391180
CD4,1681.394560
DE2,1686.288495
DE1,1687.409133
AW1,1691.392395
CD0,1691.396143
DE1,1691.911449
DW1,1691.915481
RE1,1691.919194
CA1,1691.923058
DW1,1691.927116
AW2,1691.931170
DE2,1694.678446
DW2,1694.681479
RE2,1694.684380
DW2,1694.687469
AW3,1694.690524
DE5,1698.311473
DW3,1698.320191
CD1,1698.324315
DE1,1701.152440
DE1,1705.329698
AW1,1708.322089
CD0,1708.326124
DE1,1708.729426
DW1,1708.733573
CA4,1708.737342
RE1,1708.741063
DW1,1708.744980
AW2,1708.748931
DE2,1712.793464
DW2,1712.797353
RE2,1712.801027
DW2,1712.810335
AW5,1712.814191
DE3,1716.121934
DW5,1716.130444
CD4,1716.138617
DE1,1718.771088
DE1,1722.771462
AW1,1726.131071
CD0,1726.134802
DE1,1726.681273
DW1,1726.684361
RE1,1726.687257
CA4,1726.690140
DW1,1726.693236
AW2,1726.697641
DE2,1729.546804
DW2,1729.550725
RE2,1729.554525
DW2,1729.558231
AW6,1729.562103
DE6,1733.388582
DW6,1733.392549
RE6,1733.396401
DW6,1733.402268
AW1,1733.410064
CD4,1733.413881
DE1,1737.898562
DW1,1737.902453
RE1,1737.906217
CA4,1737.909967
DW1,1737.921757
AW2,1737.924799
DE2,1740.874673
DW2,1740.877721
RE2,1740.880621
DW2,1740.884773
AW5,1740.890227
DE5,1744.043463
DW5,1744.046515
RE5,1744.049420
DW5,1744.053320
AW1,1744.056437
CD4,1744.059646
DE1,1751.324799
DW1,1751.328689
RE1,1751.332362
CA1,1751.336076
DW1,1751.340007
AW2,1751.344050
DE2,1754.043985
DW2,1754.047032
RE2,1754.049933
DW2,1754.053982
AW4,1754.057352
DE4,1757.566642
DW4,1757.570476
RE1,1757.574366
RE4,1757.578077
DW4,1757.585510
AW1,1757.589466
CD1,1757.593346
DE1,1761.339845
DW1,1761.342867
RE1,1761.345809
CA1,1761.348692
DW1,1761.351731
AW2,1761.354975
DE2,1768.286782
DW2,1768.290817
RE2,1768.294636
DW2,1768.298379
AW3,1768.302307
DE3,1773.215695
DW3,1773.219551
RE3,1773.223400
DW3,1773.235023
AW1,1773.240877
CD1,1773.256775
DE1,1777.421789
DW1,1777.424866
RE1,1777.427767
CA1,1777.430652
DW1,1777.433743
AW2,1777.437486
DE2,1779.902946
DW2,1779.906026
RE2,1779.908925
DW2,1779.912120
AW3,1779.919267
DE3,1783.359878
DW3,1783.363833
RE3,1783.367579
DW3,1783.371348
AW1,1783.375481
CD1,1783.381244
DE1,1787.953841
DW1,1787.957718
RE1,1787.961390
CA1,1787.970715
DW1,1787.974808
AW2,1787.978551
DE2,1790.511244
DW2,1790.514307
RE2,1790.517241
DW2,1790.521245
AW3,1790.525932
DE3,1794.527715
DW3,1794.530836
RE3,1794.533755
DW3,1794.537565
AW1,1794.540669
CD1,1794.543839
DE1,1798.739115
DW1,1798.743170
CA1,1798.747017
RE1,1798.751051
DW1,1798.755304
AW2,1798.759312
DE2,1802.818062
DW2,1802.822049
RE2,1802.825850
DW2,1802.829637
AW3,1802.833712
DE3,1805.827559
DW3,1805.831658
RE3,1805.835634
DW3,1805.839564
AW1,1805.843693
CD1,1805.847649
DE1,1810.292313
DW1,1810.296345
RE1,1810.300122
CA4,1810.304120
DW1,1810.308774
AW2,1810.313191
DE2,1813.059511
DW2,1813.063783
RE2,1813.067592
DW2,1813.073651
AW5,1813.077698
DE3,1816.564469
DW5,1816.573072
CD4,1816.576994
DE1,1819.549425
DE1,1823.566312
AW1,1826.572866
CD0,1826.575871
DE1,1826.980615
DW1,1826.984485
RE1,1826.988167
CA4,1826.997623
DW1,1827.001444
AW2,1827.005214
DE2,1830.678076
DW2,1830.681955
RE2,1830.685844
DW2,1830.695243
DE5,1834.182222
DW5,1834.190340
CD4,1834.198595
DE6,1838.544163
DE1,1840.836890
CA4,1840.839971
DW1,1840.846759
AW2,1840.849881
DE1,1847.441487
DE2,1851.703768
DW2,1851.707664
RE2,1851.711388
DW2,1851.720198
AW5,1851.724152
DE3,1855.464483
DW5,1855.488569
CD4,1855.492478
DE1,1858.033794
DE1,1862.035085
AW1,1865.473875
CD0,1865.477677
DE1,1866.154475
DW1,1866.158388
RE1,1866.162271
CA4,1866.166048
DW1,1866.170252
AW2,1866.174368
DE2,1869.674442
DW2,1869.678658
RE2,1869.682534
DW2,1869.691510
AW6,1869.695460
DE5,1875.332614
DE6,1877.066833
DW6,1877.070680
RE6,1877.074354
DW6,1877.078044
AW1,1877.081942
CD4,1877.085929
DE1,1881.691872
DW1,1881.695834
RE1,1881.699685
CA1,1881.703599
DW1,1881.710458
AW2,1881.714410
DE2,1884.924540
DW2,1884.928452
RE2,1884.932299
DW2,1884.936070
AW4,1884.942672
DE4,1888.349621
DW4,1888.353760
RE4,1888.357531
RE1,1888.361347
DW4,1888.367981
AW1,1888.371816
CD1,1888.375567
DE1,1893.629756
DW1,1893.633697
CA1,1893.637398
RE1,1893.647017
DW1,1893.650962
AW2,1893.659785
DE2,1898.413225
DW2,1898.417339
RE2,1898.421007
DW2,1898.430378
AW4,1898.434235
DE4,1902.014185
DW4,1902.018014
RE4,1902.021687
DW4,1902.030849
AW1,1902.034688
CD1,1902.038375
DE1,1907.007372
DW1,1907.011924
RE1,1907.015681
CA4,1907.019521
DW1,1907.026338
AW2,1907.030183
DE2,1909.550450
DW2,1909.554440
RE2,1909.558239
DW2,1909.562056
AW6,1909.568805
DE3,1914.815625
DW6,1914.823955
CD4,1914.827910
DE1,1918.506175
CD0,1923.209866
DW1,1923.305386
DW2,1923.309271
DW3,1923.313142
DW4,1923.316964
DW5,1923.321206
DW6,1923.326057
CD0,1923.329875
