CD0,6.769437
AW1,6.930576
AL1,6.930824
CD0,6.931599
DE1,17.268898
DL1,17.269090
DW1,17.269176
RE1,17.269225
CA1,17.380741
AW2,17.381130
AL2,19.718007
DE2,22.972473
DL2,22.972620
DW2,22.972705
RE2,22.972757
AW4,23.099763
DE6,32.365231
DW4,32.491836
CD0,32.492236
DE5,38.712928
AW1,42.498235
AL1,42.498549
CD0,42.499377
DE5,42.722703
DE1,45.808992
DL1,45.809214
DW1,45.809318
RE1,45.809369
CA4,45.920764
AW2,45.921002
DE2,49.376715
DW2,49.377049
RE2,49.377240
AW5,49.509214
DE6,54.444095
DE5,56.649204
DW5,56.649806
RE5,56.650207
RE1,56.788216
AW1,56.788642
AL1,56.788855
CD0,56.789624
DE5,60.637219
DE1,63.442087
DL1,63.442530
DW1,63.442743
RE1,63.442884
CA4,63.564469
AW1,63.565080
DW1,63.694547
AW2,63.694813
AL1,63.695124
DL1,64.973438
DL1,64.973706
AL1,65.118776
DL1,65.240707
DL1,65.240988
AL2,65.241257
DE2,67.857738
DL2,67.858013
DW2,67.858193
RE2,67.858318
AW5,67.990188
DE4,71.065364
DW5,71.194675
CD0,71.195461
DE3,75.295577
DE1,80.700779
AW1,81.197028
AL1,81.197242
CD0,81.198078
DE1,81.641887
DL1,81.642179
DW1,81.642343
RE1,81.642447
CA4,81.754654
AW1,81.755087
DE2,84.358389
AW6,84.485057
DW1,84.598891
DE6,87.032737
DW6,87.033029
RE6,87.033159
AW1,87.173243
AL1,87.173561
CD0,87.174336
DE1,92.374958
DL1,92.375106
DW1,92.375187
RE1,92.375237
CA4,92.502050
AW2,92.502262
AL1,92.502367
DL1,92.625570
DL1,92.625676
AL2,93.790873
DE2,103.933578
DL2,103.933810
DW2,103.933926
RE2,103.933999
AW5,104.061797
DE4,108.919444
DW5,109.058867
CD0,109.059786
AW1,119.058981
AL1,119.059173
CD0,119.059980
DE1,119.539493
DL1,119.539848
DW1,119.540056
RE1,119.540198
CA4,119.670357
AW1,119.670959
DW1,119.792105
AL2,119.792372
AW2,120.957873
DE1,121.823754
DE2,123.372905
DL2,123.373111
DW2,123.373229
RE2,123.373303
AW6,123.500509
DE6,127.332058
DW6,127.332712
RE6,127.333165
AW1,127.472390
AL1,127.472709
CD0,127.473530
DE5,132.375927
DE1,134.973955
DL1,134.974576
DW1,134.975089
RE1,134.975501
CA4,135.102011
AW1,135.103190
DW1,136.406306
AW2,136.406906
AL2,136.407403
DE2,163.684335
DL2,163.684463
DW2,163.684536
RE2,163.684592
AW6,163.812231
DE4,168.895587
DW6,169.026804
CD0,169.027223
AW1,179.023545
AL1,179.023827
CD0,179.024663
DE1,179.697807
DL1,179.698172
DW1,179.698535
RE1,179.698684
CA1,179.810855
DE2,183.006714
AW3,183.137268
DE6,185.178229
DW3,185.308665
CD0,185.309423
DE5,188.491424
AW1,195.317784
AL1,195.318096
CD0,195.318924
DE1,195.752797
DL1,195.753175
DW1,195.753385
RE1,195.753526
CA4,195.882470
AW1,195.883055
DW1,196.003229
AW2,197.169964
AL2,197.170245
DE2,199.076280
DL2,199.076616
DW2,199.076897
RE2,199.077040
AW6,199.208055
DE6,202.804933
DW6,202.805152
RE6,202.805239
RE1,202.929420
AW1,202.929790
AL1,202.930076
CD0,202.931448
DE1,207.036725
DL1,207.036893
DW1,207.036979
RE1,207.037027
CA4,207.163609
AW2,207.163881
AL1,207.164074
DL1,207.287614
DL1,207.287973
AL2,208.448239
DE2,210.329916
DL2,210.330084
DW2,210.330171
RE2,210.330224
AW5,210.456882
DE6,213.781576
DE5,216.640444
DW5,216.640676
RE5,216.640759
AW1,216.764548
AL1,216.764696
CD0,216.765092
DE1,222.454752
DL1,222.455027
DW1,222.455190
RE1,222.455294
CA4,222.585844
AW1,222.586280
DE1,222.721933
DW1,222.722055
RE1,222.722111
AW2,223.881638
AL2,223.881765
DE2,227.152783
DL2,227.152932
DW2,227.153015
RE2,227.153067
AW6,227.279523
DE4,231.551596
DW6,231.686748
CD0,231.687131
DE3,234.674134
DE1,241.710602
AW1,241.710964
AL1,241.711177
CD0,241.714883
CA4,241.844627
DL1,241.844990
DW1,241.845181
AW1,241.845389
DW1,241.848735
DL1,241.848911
AW2,241.849056
AL2,241.849200
DE2,246.724385
DL2,246.724598
DW2,246.724743
RE2,246.724836
AW5,246.855456
DE6,250.210940
DE5,252.984921
DW5,252.985201
RE5,252.985306
AW1,253.110774
AL1,253.111003
CD0,253.111791
DE1,260.590120
DL1,260.590440
DW1,260.590611
RE1,260.590710
CA4,260.720692
AW1,260.721152
DW1,260.841322
AL2,260.841536
AW2,262.011648
DE2,263.282266
DL2,263.282457
DW2,263.282570
RE2,263.282641
AW5,263.410912
DE6,267.342455
DE5,270.130485
DW5,270.130875
RE5,270.131032
CD0,270.257319
AW1,270.369818
AL1,270.369976
DE5,274.185810
DE1,276.999421
DL1,276.999751
DW1,276.999919
RE1,277.000018
CA4,277.130235
AW1,277.130660
DW1,278.414813
AW2,278.415039
AL2,278.415196
DE2,280.554311
DL2,280.554566
DW2,280.554730
RE2,280.554837
AW6,280.686200
DE4,291.737329
DW6,291.872422
CD0,291.872815
AW1,301.868970
AL1,301.869100
CD0,301.869490
DE1,302.638474
DL1,302.638690
DW1,302.638783
RE1,302.638834
CA1,302.763849
AW2,302.764089
AL2,302.876293
DE2,305.991891
DL2,305.992013
DW2,305.992086
RE2,305.992134
AW4,306.118878
DE6,309.976512
DW4,310.107481
CD0,310.108240
DE1,317.367166
AW1,320.107995
AL1,320.108119
CD0,320.108564
DE1,320.427966
DL1,320.428244
DW1,320.428494
RE1,320.428598
CA4,320.558669
AW1,320.559088
DW1,320.680863
AL2,320.681074
AW2,321.804367
DE1,322.294343
DE2,325.683735
DL2,325.683893
DW2,325.683993
RE2,325.684064
AW5,325.809553
DE4,329.912850
DW5,330.043542
CD0,330.044293
DE1,337.917557
AW1,340.119480
AL1,340.119695
CD0,340.120462
DE1,340.139064
DL1,340.139424
DW1,340.139605
RE1,340.139707
CA4,340.262808
AW1,340.263226
DW1,340.389995
AW2,340.390202
AL2,341.559056
DE2,344.448267
DL2,344.448651
DW2,344.448822
RE2,344.448922
AW6,344.579064
DE6,352.252808
DW6,352.253001
RE6,352.253056
AW1,352.379964
AL1,352.380223
CD0,352.381004
DE1,356.249731
DL1,356.250026
DW1,356.250192
RE1,356.250292
CA1,356.388515
AW1,356.388936
DW1,356.505161
AW2,356.505384
AL2,356.505540
DE2,358.974373
DL2,358.974512
DW2,358.974595
RE2,358.974645
AW4,359.099732
DE4,362.289821
DW4,362.290163
RE4,362.290282
RE1,362.414432
AW1,362.414725
AL1,362.414900
CD0,362.415664
DE3,371.024704
DE1,374.780974
DL1,374.781296
DW1,374.781456
RE1,374.781555
CA4,374.911620
AW1,374.912056
DW1,375.032416
AL2,375.032645
AW2,376.202406
DE2,378.725197
DL2,378.725474
DW2,378.725635
RE2,378.725734
AW5,378.855816
DE6,383.076123
DE5,387.876712
DW5,387.876907
RE5,387.876966
RE1,388.009166
AW1,388.009349
AL1,388.009437
CD0,388.009829
DE5,391.850117
DE1,394.292591
DL1,394.293088
DW1,394.293415
RE1,394.293654
CA4,394.423115
AW1,394.424011
DW1,394.591142
AW2,394.591514
AL2,394.591820
DE1,394.592628
DE2,397.548987
DL2,397.549217
DW2,397.549373
RE2,397.549494
AW6,397.675637
DE6,400.556617
DW6,400.557221
RE6,400.557621
AW1,400.694620
AL1,400.695137
CD0,400.695926
DE1,405.006465
DL1,405.006671
DW1,405.006762
RE1,405.006813
CA1,405.118047
AW2,405.118265
AL2,408.765150
DE2,411.852777
DL2,411.853119
DW2,411.853328
RE2,411.853469
AW4,411.985605
DE4,415.570914
DW4,415.571290
RE4,415.571444
RE1,415.710265
AW1,415.710629
AL1,415.710834
CD0,415.711651
DE1,419.928068
DL1,419.928582
DW1,419.928816
RE1,419.928963
CA1,420.041281
DE2,422.976114
AW3,423.103130
DE6,425.290348
DW3,425.421784
CD0,425.422609
DE5,428.348153
DE1,434.482495
AW1,435.424506
AL1,435.424716
CD0,435.425116
DE1,435.874147
DL1,435.874515
DW1,435.874722
RE1,435.874863
CA4,435.999291
AW1,435.999633
DW1,436.124319
AW2,437.286716
AL2,437.286875
DE1,438.516258
DE2,439.732720
DL2,439.732987
DW2,439.733219
RE2,439.733377
AW5,439.864204
DE6,443.935488
DE5,446.780861
DW5,446.781091
RE5,446.781170
RE1,446.906718
AW1,446.906948
AL1,446.907070
CD0,446.907471
DE1,452.589794
DL1,452.590155
DW1,452.590323
RE1,452.590421
CA1,452.721426
AW1,452.721858
DW1,452.843494
AW2,452.843750
AL2,452.843946
DE2,456.537627
DL2,456.537869
DW2,456.538014
RE2,456.538124
AW3,456.668852
DE4,459.734267
DE3,461.986071
DW3,461.986441
RE3,461.986557
RE1,462.125781
AW1,462.126120
AL1,462.126302
CD0,462.127124
DE1,467.470110
DL1,467.470484
DW1,467.471674
RE1,467.471902
CA4,467.702970
AW1,467.703605
DE1,467.708290
DW1,467.708722
RE1,467.708870
AW2,467.822023
AL2,467.822303
DE2,471.605441
DL2,471.605781
DW2,471.606000
RE2,471.606170
AW5,471.736768
DE6,475.176480
DE5,477.505362
DW5,477.505559
RE5,477.505618
RE1,477.630709
AW1,477.630899
AL1,477.630998
CD0,477.631399
DE1,485.091941
DL1,485.092861
DW1,485.093099
RE1,485.093276
CA4,485.225023
AW2,485.228432
AL2,485.228663
DE2,488.313703
DL2,488.314080
DW2,488.314290
RE2,488.314439
AW1,488.445539
DW1,488.564223
AW6,489.737515
DE6,491.564891
DW6,491.565255
RE6,491.565475
AW1,491.688036
AL1,491.688678
CD0,491.689509
DE1,495.574833
DL1,495.575559
DW1,495.576161
RE1,495.576654
CA1,495.705855
AW1,495.707176
DW1,495.830625
AW2,495.831178
AL2,495.831699
DE2,498.460215
DL2,498.460566
DW2,498.461340
RE2,498.461587
AW3,498.590444
DE4,501.575929
DE3,503.560361
DW3,503.561032
RE3,503.561447
RE1,503.690104
AW1,503.690475
AL1,503.690651
CD0,503.691469
DE1,508.854806
DL1,508.855025
DW1,508.855120
RE1,508.855173
CA1,508.967594
AW1,508.968085
DW1,510.694533
AW2,510.694746
AL2,510.694906
DE2,513.719032
DL2,513.719347
DW2,513.719553
RE2,513.719739
AW3,513.850539
DE6,517.421426
DW3,517.552045
CD0,517.552457
DE1,523.441321
AW1,527.570966
AL1,527.571158
CD0,527.571967
DE1,527.966545
DL1,527.966882
DW1,527.967085
RE1,527.967226
CA4,528.098793
AW1,528.099346
DW1,528.221490
AW2,528.221759
AL2,528.221980
DE2,532.921335
DL2,532.921672
DW2,532.921841
RE2,532.921969
AW6,533.054641
DE4,536.946104
CD0,537.077314
DW6,537.189643
DE1,542.641571
DE1,546.716683
AW1,547.164850
AL1,547.165062
CD0,547.165820
DE1,547.183825
DL1,547.184132
DW1,547.184294
RE1,547.184392
CA1,547.314484
AW1,547.314909
DW1,547.438779
AW2,547.439377
AL2,547.439873
DE1,548.043599
DE2,551.864086
DL2,551.864376
DW2,551.864599
RE2,551.864790
AW4,551.994856
DE4,556.742860
DW4,556.743187
RE4,556.743301
RE1,556.882344
AW1,556.882614
AL1,556.882776
CD0,556.883531
DE1,560.942149
DL1,560.942436
DW1,560.942596
RE1,560.942704
CA4,561.165083
AW1,561.165483
DE1,561.169052
DW1,561.169240
RE1,561.169341
AW2,561.354277
AL2,561.354503
DE2,565.173958
DL2,565.174212
DW2,565.174378
RE2,565.174476
AW6,565.305325
DE6,567.973738
DW6,567.974050
RE6,567.974169
RE1,568.098095
AW1,568.098461
AL1,568.098637
CD0,568.099412
DE1,575.183472
DL1,575.183656
DW1,575.183739
RE1,575.183788
CA1,575.313998
AW2,575.314379
AL2,575.435091
DE2,578.358869
DL2,578.359036
DW2,578.359122
RE2,578.359171
AW3,578.485715
DE4,581.858965
DE3,583.787011
DW3,583.787329
RE3,583.787444
RE1,583.910609
AW1,583.911019
AL1,583.911240
CD0,583.912031
DE1,588.590600
DL1,588.590887
DW1,588.591039
RE1,588.591133
CA4,588.721600
AW1,588.722193
DW1,588.843536
AL2,588.844065
AW2,590.010468
DE1,590.996105
DE2,592.172931
DL2,592.173188
DW2,592.173349
RE2,592.173450
AW6,592.303779
DE6,596.321115
DW6,596.321436
RE6,596.321561
RE1,596.445656
AW1,596.445937
AL1,596.446098
CD0,596.446853
DE1,601.081413
DL1,601.081617
DW1,601.081702
RE1,601.081751
CA1,601.213184
AW2,601.213619
AL1,601.213976
DL1,601.335209
DL1,601.335439
AL2,601.335593
DE2,604.555712
DL2,604.555832
DW2,604.555904
RE2,604.555951
AW3,604.683050
DE4,607.575981
DE3,610.351206
DW3,610.351519
RE3,610.351632
RE1,610.474653
AW1,610.474935
AL1,610.475106
CD0,610.475869
DE1,615.669157
DL1,615.669369
DW1,615.669462
RE1,615.669513
CA4,615.795605
AW2,615.795968
AL1,615.920003
DL1,617.179978
DL1,617.180291
AL2,617.468882
DE2,619.345513
DL2,619.345727
DW2,619.345839
RE2,619.345915
AW6,619.473426
DE4,622.870322
DW6,623.001360
CD0,623.002137
DE3,624.569325
DE4,627.160486
AW1,633.003057
AL1,633.003463
CD0,633.004240
DE1,639.629175
DL1,639.629552
DW1,639.629718
RE1,639.629818
CA4,639.760420
AW1,639.760864
DW1,639.944300
AW2,639.944549
AL2,639.944708
DE1,639.945617
DE2,642.958037
DL2,642.958204
DW2,642.958285
RE2,642.958434
AW6,643.085431
DE6,646.563726
DW6,646.564088
RE6,646.564238
AW1,646.687883
AL1,646.688168
CD0,646.689055
DE1,652.004200
DL1,652.004415
DW1,652.004523
RE1,652.004596
CA4,652.131720
AW2,652.132168
AL1,652.254882
DL1,653.193293
DL1,653.193908
AL2,653.194116
DE2,657.133781
DL2,657.133950
DW2,657.134033
RE2,657.134083
AW5,657.265623
DE6,660.922347
DE5,663.556992
DW5,663.557328
RE5,663.557440
AW1,663.686258
AL1,663.686585
CD0,663.687400
DE1,669.156366
DL1,669.156584
DW1,669.156876
RE1,669.156934
CA1,669.282672
AW2,669.282909
AL2,669.395105
DE2,671.654547
DL2,671.654877
DW2,671.655152
RE2,671.655324
AW3,671.777302
DE4,674.910954
DE3,676.704184
DW3,676.704405
RE3,676.704481
RE1,676.830194
AW1,676.830406
AL1,676.830519
CD0,676.830906
DE1,681.771173
DL1,681.771385
DW1,681.771493
RE1,681.771566
CA4,681.897285
AW2,681.897683
AL1,681.898022
DL1,682.022620
DL1,682.022878
AL2,683.195065
DE2,685.449896
DL2,685.450027
DW2,685.450105
RE2,685.450154
AW6,685.576595
DE4,689.030268
DW6,689.158153
CD0,689.158959
DE3,694.892307
DE1,698.541085
AW1,699.157122
AL1,699.157235
CD0,699.157614
DE1,699.571723
DL1,699.571901
DW1,699.571981
RE1,699.572031
CA4,699.698123
AW2,699.698388
AL2,699.821839
DE2,703.493137
DL2,703.493302
DW2,703.493402
RE2,703.493472
AW6,703.623726
DE6,707.568544
DW6,707.568701
RE6,707.568751
AW1,707.694090
CD0,707.694987
AL1,707.806076
DE1,711.560488
DL1,711.560668
DW1,711.560746
RE1,711.560796
CA1,711.687155
AW2,711.687471
AL2,711.800893
DE2,714.482553
DL2,714.482693
DW2,714.482772
RE2,714.482821
AW4,714.609655
DE4,718.161304
DW4,718.161469
RE4,718.161523
RE1,718.287196
AW1,718.287463
AL1,718.287623
CD0,718.288465
DE1,722.322798
DL1,722.322949
DW1,722.323031
RE1,722.323081
CA1,722.448851
AW2,722.449058
AL1,722.449178
DL1,722.562191
DL1,722.562301
AL2,722.562376
DE2,725.830247
DL2,725.830383
DW2,725.830460
RE2,725.830510
AW4,725.955834
DE4,729.161226
DW4,729.161505
RE4,729.161613
AW1,729.284289
AL1,729.284496
CD0,729.285266
DE1,733.929432
DL1,733.929566
DW1,733.929646
RE1,733.929696
CA4,734.056145
AW2,734.056463
AL1,734.056689
DL1,734.181873
DL1,734.182067
AL2,734.841729
DE2,736.847377
DL2,736.847600
DW2,736.847912
RE2,736.848024
AW5,736.978187
DE6,740.140891
DE5,742.676755
DW5,742.677056
RE5,742.677167
RE1,742.801319
AW1,742.801589
AL1,742.801752
CD0,742.802521
DE1,747.691597
DL1,747.691778
DW1,747.691857
RE1,747.691907
CA1,747.818835
AW2,747.819146
AL1,747.819379
DL1,747.934892
DL1,747.935101
AL2,747.935254
DE2,751.251983
DL2,751.252134
DW2,751.252213
RE2,751.252264
AW3,751.378604
DE4,755.424208
DE3,761.682110
DW3,761.682268
RE3,761.682319
RE1,761.807324
AW1,761.807519
AL1,761.807626
CD0,761.808012
DE3,765.663312
DE1,767.875560
DL1,767.875895
DW1,767.876096
RE1,767.876237
CA1,767.988431
AW1,767.988926
DW1,770.551285
AW2,770.551390
AL2,770.551465
DE2,771.710644
DL2,771.710777
DW2,771.710855
RE2,771.710904
AW3,771.837021
DE6,777.158910
DW3,777.289462
CD0,777.289843
DE1,781.399778
DE1,785.400059
AW1,787.297860
AL1,787.298059
CD0,787.298886
DE1,788.017642
DL1,788.017928
DW1,788.018084
RE1,788.018182
CA4,788.147885
AW1,788.148270
DW1,789.426269
AW2,789.426453
AL2,789.426602
DE2,791.317914
DL2,791.318151
DW2,791.319072
RE2,791.319475
AW6,791.449286
DE2,796.559913
DE6,798.839715
DW6,798.840178
RE6,798.840436
RE1,798.964688
AW1,798.965102
AL1,798.965405
CD0,798.966174
DE1,803.491100
DL1,803.491673
DW1,803.492124
RE1,803.492508
CA1,803.621512
AW1,803.622638
DW1,803.744433
AW2,803.744928
AL2,803.745373
DE2,806.725189
DL2,806.725730
DW2,806.726181
RE2,806.726566
AW3,806.855490
DE4,809.842846
DE3,811.782170
DW3,811.782435
RE3,811.782539
RE1,811.906894
AW1,811.907196
AL1,811.907375
CD0,811.908141
DE1,816.287062
DL1,816.287397
DW1,816.287567
RE1,816.287669
CA1,816.410629
AW1,816.411058
DW1,816.527203
AW2,816.527396
AL2,816.527546
DE2,820.539172
DL2,820.539424
DW2,820.539582
RE2,820.539682
AW4,820.668084
DE4,823.813165
DW4,823.813346
RE4,823.813403
AW1,823.939692
AL1,823.939816
CD0,823.940207
DE1,828.174214
DL1,828.174539
DW1,828.174716
RE1,828.174842
CA4,828.304605
AW1,828.305110
DW1,828.426714
AL2,828.426989
AW2,829.597173
DE2,830.423990
DL2,830.424305
DW2,830.424520
RE2,830.424663
AW5,830.554593
DE6,835.091866
DE5,837.923455
DW5,837.923636
RE5,837.923693
RE1,838.048622
AW1,838.048784
AL1,838.048867
CD0,838.049251
DE1,843.992484
DL1,843.992677
DW1,843.992763
RE1,843.992823
CA1,844.119658
AW2,844.120010
AL1,844.120249
DL1,844.235670
DL1,844.235895
AL2,844.236049
DE2,846.996685
DL2,846.996979
DW2,846.997146
RE2,846.997248
AW4,847.127455
DE4,850.282134
DW4,850.282450
RE4,850.282595
RE1,850.407421
AW1,850.407754
AL1,850.407969
CD0,850.408827
DE1,854.639637
DL1,854.639954
DW1,854.640122
RE1,854.640238
CA4,854.770346
AW1,854.770798
DW1,856.045016
AW2,856.045220
AL2,856.045373
DE1,857.360494
DE2,858.656178
DL2,858.656311
DW2,858.656385
RE2,858.656433
AW5,858.782351
DE6,861.532669
DE5,865.182856
DW5,865.183015
RE5,865.183065
RE1,865.307420
AW1,865.307702
AL1,865.307859
CD0,865.308721
DE5,869.179496
DE1,872.352520
DL1,872.352894
DW1,872.353099
RE1,872.353238
CA1,872.483920
AW1,872.484250
AW2,872.602860
AL2,872.603106
DW1,872.603298
DE1,874.187459
DE2,875.416254
DL2,875.416539
DW2,875.416740
RE2,875.416882
AW4,875.547437
DE4,879.215914
DW4,879.216241
RE4,879.216388
RE1,879.357496
AW1,879.357808
AL1,879.358013
CD0,879.358887
DE1,883.634286
DL1,883.634673
DW1,883.634887
RE1,883.635041
CA4,883.764680
AW1,883.765189
DW1,883.886727
AL2,883.886990
AW2,885.048202
DE1,886.277730
DE2,887.784160
DL2,887.784431
DW2,887.784594
RE2,887.784698
AW6,887.914845
DE6,892.861588
DW6,892.861933
RE6,892.862089
RE1,893.009564
AW1,893.009802
AL1,893.009911
CD0,893.010342
DE1,898.313155
DL1,898.313577
DW1,898.313804
RE1,898.313948
CA4,898.437501
AW1,898.438898
DW1,898.563387
AW2,899.733193
AL2,899.733751
DE1,900.642356
DE2,901.887195
DL2,901.887507
DW2,901.887749
RE2,901.887945
AW6,902.013775
DE4,905.808920
DW6,905.939275
CD0,905.939674
DE3,909.027833
DE1,915.262581
AW1,915.957353
AL1,915.957580
CD0,915.958435
DE1,916.145198
DL1,916.145535
DW1,916.145705
RE1,916.145802
CA1,916.275785
AW1,916.276224
DW1,916.398290
AW2,916.398565
AL2,916.398716
DE1,918.154281
DE2,920.389902
DL2,920.390059
DW2,920.390140
RE2,920.390191
AW3,920.517226
DE6,924.408136
DW3,924.537362
CD0,924.538104
AW1,934.547580
AL1,934.547790
CD0,934.548631
DE1,946.380361
DL1,946.380678
DW1,946.380837
RE1,946.380936
CA1,946.493256
AW1,946.493693
DW1,948.682700
AW2,948.682831
AL2,948.682928
DE2,950.500788
DL2,950.500924
DW2,950.500998
RE2,950.501048
AW4,950.626808
DE4,956.310512
DW4,956.310790
RE4,956.310858
CD0,956.448202
AW1,956.560155
AL1,956.560514
DE1,960.722464
DL1,960.722855
DW1,960.723118
RE1,960.723315
CA1,960.849217
AW2,960.849655
AL2,960.962371
DE2,963.455103
DL2,963.455692
DW2,963.456138
RE2,963.456562
AW4,963.586334
DE6,967.158291
DW4,967.289819
CD0,967.290620
DE5,969.368608
DE1,974.327008
AW1,977.298803
AL1,977.299050
CD0,977.299808
DE1,977.510930
DL1,977.511251
DW1,977.511412
RE1,977.511511
CA4,977.634271
AW1,977.634698
DW1,977.763195
AW1,977.763470
DE1,978.980366
DW1,978.980545
RE1,978.980665
AW2,979.122287
AL2,979.122412
DE1,983.147176
DE2,986.620272
DL2,986.620443
DW2,986.620532
RE2,986.620600
AW6,986.751156
DE6,992.479499
DW6,992.479861
RE6,992.480005
RE1,992.605024
AW1,992.605409
AL1,992.605616
CD0,992.606472
DE1,998.403400
DL1,998.403566
DW1,998.403644
RE1,998.403691
CA4,998.515062
AW2,998.515279
AL2,999.712349
DE2,1001.950369
DL2,1001.950728
DW2,1001.950956
RE2,1001.951118
AW5,1002.081548
DE4,1005.757963
DW5,1005.888609
CD0,1005.889023
AW1,1015.892442
AL1,1015.892949
CD0,1015.893809
DE1,1016.712898
DL1,1016.713585
DW1,1016.714106
RE1,1016.714493
CA1,1016.836491
AW2,1016.955935
AL2,1016.956494
DE2,1021.734614
DL2,1021.735162
DW2,1021.735662
RE2,1021.736073
AW3,1021.865261
DE6,1027.774439
DW3,1027.905413
CD0,1027.906201
DE5,1031.143053
DE1,1037.069687
AW1,1037.900589
AL1,1037.900701
CD0,1037.901100
DE1,1041.857292
DL1,1041.857944
DW1,1041.858492
RE1,1041.858898
CA4,1042.091873
AW1,1042.092309
DE1,1042.096744
DW1,1042.096911
RE1,1042.097963
AW2,1042.210869
AL2,1042.211055
DE2,1048.006628
DL2,1048.006850
DW2,1048.007008
RE2,1048.007103
AW5,1048.138768
DE6,1053.441550
DE5,1056.054237
DW5,1056.054409
RE5,1056.054459
RE1,1056.178792
AW1,1056.179192
AL1,1056.179406
CD0,1056.180241
DE5,1060.035282
DE1,1063.688746
DL1,1063.689075
DW1,1063.689226
RE1,1063.689321
CA4,1063.811875
AW1,1063.812492
DW1,1063.940055
AW1,1063.940183
DW1,1065.212786
AW2,1065.212897
AL2,1065.212979
DE2,1067.591721
DL2,1067.591847
DW2,1067.591924
RE2,1067.591972
AW6,1067.717495
DE6,1072.870819
DW6,1072.871031
RE6,1072.871109
AW1,1072.996715
AL1,1072.996973
CD0,1072.997805
DE1,1077.519038
DL1,1077.519202
DW1,1077.519289
RE1,1077.519337
CA4,1077.645974
AW2,1077.646338
AL1,1077.646586
DL1,1077.770461
DL1,1077.770649
AL2,1078.932771
DE2,1080.612627
DL2,1080.612932
DW2,1080.613136
RE2,1080.613296
AW5,1080.857427
DE4,1084.375373
DW5,1084.506068
CD0,1084.506454
DE1,1088.705774
DE1,1092.701853
AW1,1094.508167
AL1,1094.508585
CD0,1094.509362
DE1,1094.764023
DL1,1094.764243
DW1,1094.764351
RE1,1094.764422
CA4,1094.890438
AW2,1094.890725
AL2,1096.006636
DE2,1099.177058
DL2,1099.177192
DW2,1099.177271
RE2,1099.177322
AW5,1099.304670
DE6,1105.588410
DE5,1108.441931
DW5,1108.442237
RE5,1108.442348
AW1,1108.580127
AL1,1108.580351
CD0,1108.581113
DE1,1114.145769
DL1,1114.146101
DW1,1114.146263
RE1,1114.146362
CA1,1114.276187
AW1,1114.276613
DW1,1114.398757
AW2,1114.398946
AL2,1114.399096
DE2,1117.401714
DL2,1117.401898
DW2,1117.402002
RE2,1117.402077
AW3,1117.527172
DE4,1121.333750
DE3,1123.509284
DW3,1123.509593
RE3,1123.509704
RE1,1123.636204
AW1,1123.636509
AL1,1123.636689
CD0,1123.637460
DE1,1128.915437
DL1,1128.915679
DW1,1128.915833
RE1,1128.915933
CA1,1129.045111
AW1,1129.045387
DW1,1129.166405
AW2,1129.166535
AL2,1129.166617
DE1,1132.152319
DE2,1133.544302
DL2,1133.544575
DW2,1133.544739
RE2,1133.544839
AW3,1133.677068
DE4,1137.188673
DE3,1139.876978
DW3,1139.877357
RE3,1139.877513
AW1,1140.001730
AL1,1140.001954
CD0,1140.002722
DE1,1146.309636
DL1,1146.309961
DW1,1146.310190
RE1,1146.310385
CA4,1146.431256
AW2,1146.431458
AL1,1146.431589
DL1,1146.544837
DL1,1146.544980
AL2,1146.545079
DE2,1149.071424
DL2,1149.071732
DW2,1149.071908
RE2,1149.072010
AW5,1149.201832
DE6,1152.984213
DE5,1161.800110
DW5,1161.800327
RE5,1161.800403
RE1,1161.925253
AW1,1161.925711
AL1,1161.926040
CD0,1161.926441
DE1,1168.332187
DL1,1168.332791
DW1,1168.333248
RE1,1168.333683
CA1,1168.462528
AW1,1168.462806
DW1,1168.582856
AW2,1168.582968
AL2,1168.583042
DE2,1172.962511
DL2,1172.962738
DW2,1172.962882
RE2,1172.962978
AW3,1173.094448
DE4,1176.895835
DE3,1179.059428
DW3,1179.059752
RE3,1179.059973
RE1,1179.183388
AW1,1179.183752
AL1,1179.183984
CD0,1179.184372
DE1,1184.754793
DL1,1184.755380
DW1,1184.755897
RE1,1184.756292
CA1,1184.886000
AW1,1184.887219
DW1,1185.007987
AW2,1185.008582
AL2,1185.009102
DE2,1188.361611
DL2,1188.361906
DW2,1188.362136
RE2,1188.362330
AW3,1188.515320
DE4,1191.793638
DE3,1194.456952
DW3,1194.457529
RE3,1194.457985
AW1,1194.581854
AL1,1194.582341
CD0,1194.583160
DE1,1200.113001
DL1,1200.113164
DW1,1200.113249
RE1,1200.113297
CA4,1200.240138
AW2,1200.240376
AL1,1200.240502
DL1,1200.364587
DL1,1200.364683
AL2,1201.536156
DE2,1204.614507
DL2,1204.614671
DW2,1204.614783
RE2,1204.614863
AW6,1204.742287
DE6,1207.804633
DW6,1207.805225
RE6,1207.805661
RE1,1207.928613
AW1,1207.929210
AL1,1207.929702
CD0,1207.930482
DE1,1217.496969
DL1,1217.497555
DW1,1217.498073
RE1,1217.498561
CA1,1217.627848
AW1,1217.629200
DW1,1217.797356
AW2,1217.797919
AL2,1217.798493
DE1,1217.799836
DE2,1221.108244
DL2,1221.108446
DW2,1221.108560
RE2,1221.108613
AW3,1221.239354
DE4,1225.008588
DE3,1227.867510
DW3,1227.867925
RE3,1227.868082
RE1,1228.006777
AW1,1228.007125
AL1,1228.007392
CD0,1228.008210
DE3,1231.838301
DE1,1235.855264
DL1,1235.855487
DW1,1235.855579
RE1,1235.855631
CA1,1235.982597
AW2,1235.982831
AL2,1236.095117
DE2,1239.591668
DL2,1239.591799
DW2,1239.591882
RE2,1239.591929
AW3,1239.720436
DE4,1243.259449
DE3,1247.448868
DW3,1247.449208
RE3,1247.449440
AW1,1247.573658
AL1,1247.574196
CD0,1247.574980
DE1,1252.790111
DL1,1252.790291
DW1,1252.790369
RE1,1252.790416
CA4,1252.902237
AW2,1252.902477
AL2,1254.630091
DE2,1257.636822
DL2,1257.637310
DW2,1257.637633
RE2,1257.637906
AW5,1257.769012
DE6,1262.512570
DE5,1265.700560
DW5,1265.700910
RE5,1265.701131
RE1,1265.824689
CD0,1265.827823
AW1,1265.940716
AL1,1265.940925
DE5,1269.681402
DE1,1273.471332
DL1,1273.471904
DW1,1273.472235
RE1,1273.472482
CA1,1273.594437
AW1,1273.595840
DW1,1273.722661
AW2,1273.723077
AL2,1273.723403
DE1,1273.724301
DE2,1276.276352
DL2,1276.276806
DW2,1276.277160
RE2,1276.277467
AW4,1276.407423
DE4,1281.475021
DW4,1281.475200
RE4,1281.475254
RE1,1281.598696
AW1,1281.599252
AL1,1281.599447
CD0,1281.599845
DE1,1287.690088
DL1,1287.690244
DW1,1287.690331
RE1,1287.690381
CA4,1287.816525
AW2,1287.816756
AL2,1287.940134
DE2,1292.223133
DL2,1292.223282
DW2,1292.223357
RE2,1292.223414
AW5,1292.350894
DE6,1295.875023
DE5,1299.101471
DW5,1299.102055
RE5,1299.102488
RE1,1299.259787
AW1,1299.259963
AL1,1299.260040
CD0,1299.260456
DE1,1305.124773
DL1,1305.125080
DW1,1305.125248
RE1,1305.125344
CA4,1305.256796
AW1,1305.258089
DW1,1305.379133
AW2,1305.379684
AL2,1305.380195
DE2,1309.604794
DL2,1309.605032
DW2,1309.605193
RE2,1309.605289
AW6,1309.728913
DE4,1312.921885
DW6,1313.055298
CD0,1313.055689
DE3,1315.149341
AW1,1323.058680
AL1,1323.058903
CD0,1323.059727
DE3,1324.463644
DE1,1328.499777
DL1,1328.500070
DW1,1328.500222
RE1,1328.500317
CA4,1328.631779
AW1,1328.632413
DW1,1328.752730
AW2,1328.753047
AL2,1328.753246
DE1,1331.326133
DE2,1332.738143
DL2,1332.738620
DW2,1332.738850
RE2,1332.739040
AW5,1332.870628
DE6,1336.603517
DE5,1339.421626
DW5,1339.421880
RE5,1339.421962
AW1,1339.547494
AL1,1339.547766
CD0,1339.548662
DE5,1343.402269
DE1,1346.731721
DL1,1346.732148
DW1,1346.732397
RE1,1346.732540
CA4,1346.863487
AW1,1346.864028
DW1,1346.987298
AW2,1346.987561
AL2,1346.987784
DE2,1350.074009
DL2,1350.074378
DW2,1350.074632
RE2,1350.074776
AW5,1350.204912
DE4,1355.362294
DW5,1355.501168
CD0,1355.501956
DE1,1360.469167
DE1,1364.469252
AW1,1365.495824
AL1,1365.496156
CD0,1365.496983
DE1,1365.945754
DL1,1365.946088
DW1,1365.946297
RE1,1365.946415
CA4,1366.068213
AW2,1366.196341
AL2,1366.196538
DE2,1371.500880
DL2,1371.501021
DW2,1371.501096
RE2,1371.501156
AW5,1371.628782
DE6,1374.967641
DE5,1378.138156
DW5,1378.138398
RE5,1378.138454
AW1,1378.267883
AL1,1378.267985
DE1,1386.261425
DL1,1386.261605
DW1,1386.261681
RE1,1386.261729
CA4,1386.387846
AW2,1386.388119
AL1,1386.388372
DL1,1387.505370
DL1,1387.505601
AL1,1387.793498
DL1,1387.918538
DL1,1387.918720
DL1,1388.033273
AL2,1388.033499
DE2,1391.324223
DL2,1391.324363
DW2,1391.324446
RE2,1391.324497
AW6,1391.450806
DE6,1394.777106
DW6,1394.777354
RE6,1394.777458
AW1,1394.907290
AL1,1394.907483
CD0,1394.908235
DE1,1400.076799
DL1,1400.077081
DW1,1400.077237
RE1,1400.077335
CA4,1400.189499
AW1,1400.189873
DE2,1403.099632
AW6,1403.230846
DW1,1403.369664
DE4,1406.430435
DW6,1406.566092
CD0,1406.566809
DE1,1411.117132
DE1,1416.245197
AW1,1416.566264
AL1,1416.566510
CD0,1416.567266
DE1,1417.496739
DL1,1417.497023
DW1,1417.497178
RE1,1417.497276
CA1,1417.626005
AW1,1417.626254
DW1,1417.747249
AW2,1417.747384
AL2,1417.747464
DE1,1419.588905
DE2,1423.654266
DL2,1423.654510
DW2,1423.654667
RE2,1423.654767
AW3,1423.785645
DE6,1427.779045
DW3,1427.907109
CD0,1427.907517
DE5,1431.466987
DE1,1434.707481
AW1,1437.907994
AL1,1437.908158
CD0,1437.908610
DE1,1438.051319
DL1,1438.051501
DW1,1438.051605
RE1,1438.051687
CA4,1438.178293
AW2,1438.178595
AL1,1438.178778
DL1,1438.885319
DL1,1438.885559
AL2,1438.885787
DE2,1444.105443
DL2,1444.105737
DW2,1444.105939
RE2,1444.106100
AW6,1444.237206
DE6,1449.998624
DW6,1449.999253
RE6,1449.999651
RE1,1450.123455
AW1,1450.124038
AL1,1450.124498
CD0,1450.125319
DE6,1453.973149
DE1,1458.849250
DL1,1458.849418
DW1,1458.849502
RE1,1458.849549
CA4,1458.975947
AW2,1458.976357
AL1,1458.976793
DL1,1459.408244
DL1,1459.408390
AL2,1459.408495
DE2,1467.160491
DL2,1467.160737
DW2,1467.160902
RE2,1467.160997
AW5,1467.291186
DE4,1472.034825
DW5,1472.165990
CD0,1472.166818
DE3,1476.927616
DE1,1481.607947
AW1,1482.232822
AL1,1482.233004
CD0,1482.233806
DE1,1482.253201
DL1,1482.253471
DW1,1482.253664
RE1,1482.253778
CA1,1482.379855
AW1,1482.380470
DW1,1482.494798
AW2,1482.495049
AL2,1482.495272
DE1,1484.296604
DE2,1486.029962
DL2,1486.030246
DW2,1486.030488
RE2,1486.030690
AW3,1486.157427
DE4,1502.357313
DE3,1507.874864
DW3,1507.875478
RE3,1507.875904
RE1,1508.014773
AW1,1508.015385
AL1,1508.015849
CD0,1508.016728
DE3,1513.349824
DE3,1540.094298
DE3,1554.471049
DE1,1578.914448
DL1,1578.914738
DW1,1578.914893
RE1,1578.914992
CA4,1579.044944
AW1,1579.045318
DE1,1579.270653
DW1,1579.270781
RE1,1579.270835
AW2,1580.316870
AL2,1580.317014
DE2,1586.168728
DL2,1586.169032
DW2,1586.169198
RE2,1586.169301
AW5,1586.298374
DE6,1591.427108
DE6,1596.925015
DE5,1601.881578
DW5,1601.881910
RE5,1601.882082
RE1,1602.005872
AW1,1602.006207
AL1,1602.006428
CD0,1602.007240
DE1,1613.728544
DL1,1613.728703
DW1,1613.728776
RE1,1613.728823
CA1,1613.855426
AW2,1613.855621
AL2,1613.967507
DE2,1619.034895
DL2,1619.035012
DW2,1619.035084
RE2,1619.035132
AW4,1619.161627
DE2,1623.527781
DE6,1625.620738
DW4,1625.751411
CD0,1625.751785
DE1,1631.390427
AW1,1635.752770
AL1,1635.752982
CD0,1635.753731
DE1,1636.060345
DL1,1636.060673
DW1,1636.060876
RE1,1636.061016
CA1,1636.191967
AW1,1636.192515
DW1,1636.314646
AW2,1636.314908
AL2,1636.315103
DE1,1638.467102
DE2,1641.577183
DL2,1641.577301
DW2,1641.577374
RE2,1641.577420
AW3,1641.782530
DE6,1647.516224
DW3,1647.646589
CD0,1647.647373
DE5,1650.574600
AW1,1657.650094
AL1,1657.650215
CD0,1657.650627
DE5,1663.425760
DE1,1677.229042
DL1,1677.229370
DW1,1677.229621
RE1,1677.229796
CA1,1677.360352
AW1,1677.360754
DE1,1677.481060
DW1,1677.481259
RE1,1677.481376
AW2,1677.481554
AL2,1677.481702
DE1,1687.758589
DE2,1776.285210
DL2,1776.285329
DW2,1776.285402
RE2,1776.285449
AW3,1776.412498
DE2,1780.346816
DE4,1785.492887
DE3,1795.350945
DW3,1795.351204
RE3,1795.351302
AW1,1795.475015
AL1,1795.475307
CD0,1795.476075
DE3,1799.314291
DE3,1810.536549
DE3,1816.398997
DE3,1844.482686
DE3,1849.137640
DE3,1855.936743
DE3,1861.976497
DE1,1885.921619
DL1,1885.921800
DW1,1885.921903
RE1,1885.921973
CA1,1886.048730
AW2,1886.048967
AL1,1886.049145
DL1,1886.162190
DL1,1886.162337
AL2,1886.162437
DE2,1891.148842
DL2,1891.148967
DW2,1891.149039
RE2,1891.149086
AW3,1891.276238
DE4,1896.223233
DE3,1898.470003
DW3,1898.470386
RE3,1898.470571
AW1,1898.594242
AL1,1898.594494
CD0,1898.595325
DE3,1903.086694
DE3,1908.198635
DE1,1912.637517
DL1,1912.637690
DW1,1912.637775
RE1,1912.637822
CA4,1912.764351
AW2,1912.764661
AL1,1912.764907
DL1,1912.890117
DL1,1912.890587
AL2,1914.063841
DE2,1917.192429
DL2,1917.192570
DW2,1917.192651
RE2,1917.192702
AW5,1917.319437
DE6,1922.051623
DE5,1926.857603
DW5,1926.857899
RE5,1926.858049
RE1,1926.981732
AW1,1926.981982
AL1,1926.982141
CD0,1926.982897
DE5,1930.836236
DE1,1935.215729
DL1,1935.215938
DW1,1935.216086
RE1,1935.216140
CA1,1935.342941
AW2,1935.343190
AL1,1935.343364
DL1,1935.456509
DL1,1935.456658
AL2,1935.456758
DE2,1941.021393
DL2,1941.021664
DW2,1941.021864
RE2,1941.022005
AW4,1941.150426
DE4,1944.913212
DW4,1944.913473
RE4,1944.913576
RE1,1945.038044
AW1,1945.038300
AL1,1945.038620
CD0,1945.039376
DE1,1950.661889
DL1,1950.662071
DW1,1950.662155
RE1,1950.662205
CA4,1950.786967
AW2,1950.787169
AL2,1950.911915
DE2,1955.718534
DL2,1955.718776
DW2,1955.718927
RE2,1955.719026
AW6,1955.962250
DE6,1959.252506
DW6,1959.252681
RE6,1959.252737
RE1,1959.377609
AW1,1959.377773
AL1,1959.377855
CD0,1959.378238
DE1,1967.060795
DL1,1967.060985
DW1,1967.061069
RE1,1967.061117
CA1,1967.187809
AW2,1967.188025
AL2,1967.300114
DE2,1972.039242
DL2,1972.039454
DW2,1972.039598
RE2,1972.039692
AW3,1972.169851
DE4,1977.730743
DE3,1979.852536
DW3,1979.852878
RE3,1979.853022
RE1,1979.987677
AW1,1979.987983
AL1,1979.988103
CD0,1979.988541
DE3,1983.970456
DE1,1987.008619
DL1,1987.008943
DW1,1987.009159
RE1,1987.009298
CA1,1987.139118
AW1,1987.139558
DW1,1987.260316
AW2,1987.260561
AL2,1987.260762
DE1,1990.009609
DE2,1993.763300
DL2,1993.763452
DW2,1993.763533
RE2,1993.763583
AW3,1993.890502
DE6,1998.785520
DW3,1998.918125
DE5,2001.679018
DE1,2008.431636
AW1,2008.933397
AL1,2008.933528
CD0,2008.933914
DE1,2009.201710
DL1,2009.201998
DW1,2009.202161
RE1,2009.202262
CA1,2009.332738
AW1,2009.333109
DW1,2009.453881
AW2,2009.454123
AL2,2009.454322
DE2,2013.472985
DL2,2013.473110
DW2,2013.473184
RE2,2013.473231
AW4,2013.598561
DE4,2017.197837
DW4,2017.197998
RE4,2017.198049
AW1,2017.324559
AL1,2017.324690
CD0,2017.325094
DE3,2029.073013
DE3,2034.217092
DE3,2038.833193
DE3,2047.488718
DE3,2057.733047
DE3,2103.369079
DE3,2117.137967
DE3,2121.137941
DE3,2137.699798
DE3,2148.658407
DE3,2160.706513
DE1,2172.398067
DL1,2172.398414
DW1,2172.398608
RE1,2172.398725
CA4,2172.510971
AW1,2172.511366
DW1,2176.929588
AW2,2176.929695
AL2,2176.929771
DE2,2179.115326
DL2,2179.115660
DW2,2179.115867
RE2,2179.116060
AW6,2179.243968
DE2,2183.276243
DE6,2186.531812
DW6,2186.532136
RE6,2186.532298
RE1,2186.656491
AW1,2186.656809
AL1,2186.657010
CD0,2186.657818
DE5,2200.235356
DE5,2204.304745
DE1,2207.404627
DL1,2207.404945
DW1,2207.405184
RE1,2207.405325
CA1,2207.536634
AW1,2207.537130
DW1,2207.656754
AW2,2207.657024
AL2,2207.657238
DE1,2210.644669
DE2,2212.498796
DL2,2212.498969
DW2,2212.499071
RE2,2212.499143
AW3,2212.625679
DE4,2218.344166
DE3,2223.928302
DW3,2223.928679
RE3,2223.928828
RE1,2224.053280
AW1,2224.053614
AL1,2224.053862
CD0,2224.054548
DE3,2228.012523
DE1,2233.416084
DL1,2233.416662
DW1,2233.417176
RE1,2233.417571
CA4,2233.546323
AW1,2233.547499
DW1,2233.698144
AW2,2233.698726
AL2,2233.699193
DE1,2233.700316
DE2,2245.577084
DL2,2245.577200
DW2,2245.577282
RE2,2245.577330
AW6,2245.704467
DE6,2251.164691
DW6,2251.165253
RE6,2251.165936
RE1,2251.289914
AW1,2251.290068
AL1,2251.290143
CD0,2251.290541
DE1,2257.574804
DL1,2257.574968
DW1,2257.575044
RE1,2257.575091
CA4,2257.699985
AW2,2257.700183
AL1,2257.700288
DL1,2257.824978
DL1,2257.825072
AL2,2257.825141
DE2,2262.514412
DL2,2262.514990
DW2,2262.515445
RE2,2262.515888
AW5,2262.640633
DE4,2266.474730
DW5,2266.608503
CD0,2266.608881
DE3,2268.880031
DE3,2274.827666
AW1,2276.605279
AL1,2276.605767
CD0,2276.606581
DE3,2284.815604
DE1,2290.062452
DL1,2290.062784
DW1,2290.062985
RE1,2290.063124
CA1,2290.192939
AW1,2290.193436
DW1,2290.315496
AW2,2290.315733
AL2,2290.315926
DE2,2294.136377
DL2,2294.136520
DW2,2294.136602
RE2,2294.136652
AW4,2294.263201
DE6,2298.816694
DW4,2298.985050
CD0,2298.985773
AW1,2308.992250
AL1,2308.992447
CD0,2308.993199
DE1,2359.533791
DL1,2359.534027
DW1,2359.534182
RE1,2359.534281
CA1,2359.646348
AW1,2359.646731
DE1,2359.836252
DW1,2359.836453
RE1,2359.836555
AW2,2364.189405
AL2,2364.189541
DE2,2375.799934
DL2,2375.800073
DW2,2375.800149
RE2,2375.800199
AW3,2375.926461
DE2,2384.821544
DE1,2400.363893
DE2,2436.790840
DE4,2440.823280
DE3,2446.232937
DW3,2446.233299
RE3,2446.233475
AW1,2446.356166
AL1,2446.356419
CD0,2446.357229
DE1,2462.127123
DL1,2462.127520
DW1,2462.127818
RE1,2462.128057
CA4,2462.258610
AW1,2462.259165
DW1,2462.394878
AL2,2462.395165
DE1,2462.396047
AW2,2463.556806
DE2,2465.743818
DL2,2465.744028
DW2,2465.744130
RE2,2465.744202
AW5,2465.893566
DE6,2469.190289
DE5,2473.727031
DW5,2473.727348
RE5,2473.727511
RE1,2473.852053
AW1,2473.852399
AL1,2473.852620
CD0,2473.853377
DE1,2481.492806
DL1,2481.492950
DW1,2481.493025
RE1,2481.493073
CA1,2481.619872
AW2,2481.620115
AL1,2481.620281
DL1,2481.733749
DL1,2481.734032
AL2,2481.734247
DE2,2489.965564
DL2,2489.965707
DW2,2489.965802
RE2,2489.965854
AW4,2490.092419
DE4,2495.034493
DW4,2495.034668
RE4,2495.034724
RE1,2495.161484
AW1,2495.161763
AL1,2495.161932
CD0,2495.162699
DE3,2500.339767
DE3,2526.075879
DE3,2549.251522
DE1,2559.015929
DL1,2559.016220
DW1,2559.016370
RE1,2559.016464
CA1,2559.146761
AW1,2559.147184
DW1,2559.332008
AW2,2559.332205
AL2,2559.332364
DE1,2559.333074
DE2,2567.375501
DL2,2567.375707
DW2,2567.375850
RE2,2567.375944
AW4,2567.515572
DE3,2571.637185
DE3,2576.964898
DE3,2581.045154
DE3,2586.371834
DE1,2598.975268
DE2,2605.980407
DE4,2614.911253
DW4,2614.911550
RE4,2614.911710
AW1,2615.049614
AL1,2615.049851
CD0,2615.050664
DE1,2622.750767
DL1,2622.750955
DW1,2622.751059
RE1,2622.751130
CA1,2622.875740
AW2,2622.875996
AL1,2622.876172
DL1,2622.989836
DL1,2622.990133
AL2,2622.990328
DE2,2627.225399
DL2,2627.225570
DW2,2627.225687
RE2,2627.225774
AW3,2627.350810
DE4,2630.356017
DE3,2633.262312
DW3,2633.263613
RE3,2633.263820
AW1,2633.402055
AL1,2633.402296
CD0,2633.403131
DE3,2637.284139
DE1,2645.755217
DL1,2645.755518
DW1,2645.755754
RE1,2645.755913
CA1,2645.886229
AW1,2645.886616
DW1,2646.008087
AW2,2646.008222
AL2,2646.008365
DE1,2646.008877
DE2,2652.187000
DL2,2652.187222
DW2,2652.187378
RE2,2652.187488
AW4,2652.317588
DE6,2657.622706
DW4,2657.743854
CD0,2657.744230
DE5,2666.112355
AW1,2667.746956
AL1,2667.747301
CD0,2667.748060
DE1,2679.840373
DL1,2679.840641
DW1,2679.840803
RE1,2679.840924
CA4,2679.966646
AW2,2679.966993
AL1,2679.967281
DL1,2681.083101
DL1,2681.083373
AL2,2681.366013
DE2,2683.626725
DL2,2683.626844
DW2,2683.626916
RE2,2683.626964
AW6,2683.753855
DE4,2687.635566
DW6,2687.770360
CD0,2687.771092
DE3,2690.718168
DE3,2696.790512
AW1,2697.768183
AL1,2697.768452
CD0,2697.769208
DE1,2710.601599
DL1,2710.601892
DW1,2710.602057
RE1,2710.602157
CA1,2710.714309
AW1,2710.714705
DW1,2713.641620
AW2,2713.641722
AL2,2713.641797
DE2,2715.760217
DL2,2715.760349
DW2,2715.760427
RE2,2715.760477
AW4,2715.887161
DE6,2720.608771
DW4,2720.744503
CD0,2720.745252
DE1,2730.295138
AW1,2730.743147
AL1,2730.743260
CD0,2730.743653
DE1,2731.079630
DL1,2731.079931
DW1,2731.080096
RE1,2731.080196
CA4,2731.210665
AW2,2731.210865
AL1,2731.210989
DL1,2731.329930
DL1,2731.330038
AL2,2732.489691
DE2,2749.510653
DL2,2749.511177
DW2,2749.511694
RE2,2749.512081
AW5,2749.642068
DE4,2754.430952
DW5,2754.564947
CD0,2754.565318
AW1,2764.571081
AL1,2764.571340
CD0,2764.571755
DE3,2789.808103
DE3,2820.127007
DE3,2832.279442
DE3,2882.257078
DE1,2892.560112
DL1,2892.560258
DW1,2892.560342
RE1,2892.560391
CA1,2892.687124
AW2,2892.687322
AL1,2892.687445
DL1,2892.800483
DL1,2892.800594
AL2,2892.800671
DE2,2899.315306
DL2,2899.315414
DW2,2899.315486
RE2,2899.315541
AW3,2899.442090
DE4,2905.666423
DE3,2913.993921
DW3,2913.994539
RE3,2913.995045
RE1,2914.119403
AW1,2914.119990
AL1,2914.120503
CD0,2914.121322
DE1,2922.365371
DL1,2922.365931
DW1,2922.366379
RE1,2922.366814
CA4,2922.496283
AW1,2922.497376
DW1,2922.632452
AW2,2922.632970
AL2,2922.633412
DE1,2922.634723
DE2,2928.128620
DL2,2928.128743
DW2,2928.128815
RE2,2928.128863
AW5,2928.255245
DE6,2932.844847
DE5,2937.193186
DW5,2937.193454
RE5,2937.193559
RE1,2937.323022
AW1,2937.323182
AL1,2937.323265
CD0,2937.323651
DE5,2941.177993
DE1,2945.517525
DL1,2945.517761
DW1,2945.517919
RE1,2945.518018
CA4,2945.649557
AW1,2945.650685
DW1,2945.840746
AW2,2945.841242
AL2,2945.841718
DE1,2945.842799
DE2,2950.632303
DL2,2950.632592
DW2,2950.632839
RE2,2950.633033
AW6,2950.759363
DE4,2956.823227
DW6,2956.958832
CD0,2956.959204
DE3,2959.067076
AW1,2966.957429
AL1,2966.957528
CD0,2966.957932
DE1,2970.732076
DL1,2970.732418
DW1,2970.732524
RE1,2970.732581
CA1,2970.858849
AW2,2970.859270
AL1,2970.859702
DL1,2970.973243
DL1,2970.973337
AL2,2970.973408
DE2,2978.645782
DL2,2978.645903
DW2,2978.645976
RE2,2978.646024
AW3,2978.773661
DE6,2984.033689
DW3,2984.163531
CD0,2984.164310
DE6,2991.617601
AW1,2994.171647
AL1,2994.171854
CD0,2994.172621
DE5,2999.961281
DE1,3008.123777
DL1,3008.124324
DW1,3008.125088
RE1,3008.125477
CA4,3008.254563
AW1,3008.255714
AL2,3008.374093
DW1,3009.541266
AW2,3009.541768
DE2,3024.328518
DL2,3024.328644
DW2,3024.328724
RE2,3024.328771
AW5,3024.454764
DE4,3029.048423
DW5,3029.180432
CD0,3029.181220
DE3,3032.833780
AW1,3039.179858
AL1,3039.179964
CD0,3039.180368
DE3,3049.633665
DE1,3063.709690
DL1,3063.710242
DW1,3063.710721
RE1,3063.711123
CA1,3063.840180
AW1,3063.841299
DW1,3064.024666
AW2,3064.025187
AL2,3064.025678
DE1,3064.026824
DE2,3069.507805
DL2,3069.508388
DW2,3069.508905
RE2,3069.509298
AW4,3069.639370
DE4,3074.879072
DW4,3074.879234
RE4,3074.879284
RE1,3075.003900
CD0,3075.005224
AW1,3075.116940
AL1,3075.117118
DE1,3081.975549
DL1,3081.975703
DW1,3081.975777
RE1,3081.975835
CA1,3082.102613
AW2,3082.102815
AL1,3082.102919
DL1,3082.216174
DL1,3082.216350
AL2,3082.216490
DE2,3087.812631
DL2,3087.812772
DW2,3087.812865
RE2,3087.812930
AW4,3087.945147
DE2,3091.873661
DE4,3094.168833
DW4,3094.169430
RE4,3094.169858
AW1,3094.293195
AL1,3094.293489
CD0,3094.293909
DE1,3101.962956
DL1,3101.963080
DW1,3101.963154
RE1,3101.963201
CA4,3102.089759
AW2,3102.089959
AL2,3102.213203
DE1,3114.237031
DE2,3116.780381
DL2,3116.780527
DW2,3116.780616
RE2,3116.780664
AW5,3116.906902
DE6,3121.449341
DE5,3125.276886
DW5,3125.277180
RE5,3125.277315
RE1,3125.400541
AW1,3125.401228
AL1,3125.401537
CD0,3125.402391
DE5,3129.317500
DE1,3143.114832
DL1,3143.115166
DW1,3143.115366
RE1,3143.115504
CA1,3143.245707
AW1,3143.246219
DW1,3143.462433
AW2,3143.462558
AL2,3143.462655
DE1,3143.463100
DE2,3155.405027
DL2,3155.405323
DW2,3155.405523
RE2,3155.405662
AW3,3155.536539
DE4,3159.191635
DE3,3161.579398
DW3,3161.579567
RE3,3161.579621
RE1,3161.704400
AW1,3161.704660
AL1,3161.704814
CD0,3161.705567
DE3,3166.325023
DE1,3172.881223
DL1,3172.881506
DW1,3172.881664
RE1,3172.881762
CA1,3173.012163
AW1,3173.012549
DW1,3173.181504
AW2,3173.181748
AL2,3173.181939
DE1,3173.182732
DE2,3183.476262
DL2,3183.476483
DW2,3183.476634
RE2,3183.476734
AW3,3183.611753
DE4,3189.967730
DE3,3192.792155
DW3,3192.792496
RE3,3192.792682
AW1,3192.915362
AL1,3192.915625
CD0,3192.916451
DE3,3196.876150
DE1,3203.075145
DL1,3203.075307
DW1,3203.075393
RE1,3203.080040
CA4,3203.205673
AW2,3203.205971
AL1,3203.206192
DL1,3203.326760
DL1,3203.326963
AL2,3204.497146
DE2,3207.743643
DL2,3207.743883
DW2,3207.744041
RE2,3207.744139
AW5,3207.866436
DE4,3213.270086
DW5,3213.401037
CD0,3213.401444
DE3,3222.876232
AW1,3223.404438
AL1,3223.404541
CD0,3223.404955
DE3,3226.890909
DE1,3232.066790
DL1,3232.066911
DW1,3232.066985
RE1,3232.067033
CA4,3232.192383
AW2,3232.192645
AL2,3232.317598
DE2,3236.977627
DL2,3236.977868
DW2,3236.978022
RE2,3236.978122
AW6,3237.108177
DE6,3242.705858
DW6,3242.706136
RE6,3242.706244
AW1,3242.830492
AL1,3242.830706
CD0,3242.831464
DE6,3247.912206
DE1,3251.928893
DL1,3251.929252
DW1,3251.929503
RE1,3251.929700
CA1,3252.050468
AW2,3252.051167
AL1,3252.051978
DL1,3252.168614
DL1,3252.169122
AL2,3252.169566
DE2,3257.353539
DL2,3257.353894
DW2,3257.354125
RE2,3257.354230
AW4,3257.484892
DE4,3262.965169
DW4,3262.965495
RE4,3262.965642
RE1,3263.091413
AW1,3263.091765
AL1,3263.091981
CD0,3263.092755
DE1,3269.597672
DL1,3269.597864
DW1,3269.597953
RE1,3269.598004
CA1,3269.728612
AW2,3269.728922
AL2,3269.848022
DE2,3291.191065
DL2,3291.191215
DW2,3291.191300
RE2,3291.191351
AW3,3291.317678
DE4,3295.338833
DE3,3298.348273
DW3,3298.348637
RE3,3298.348786
AW1,3298.473514
AL1,3298.473688
CD0,3298.474487
DE1,3411.887358
DL1,3411.887710
DW1,3411.887945
RE1,3411.888090
CA1,3412.018869
AW1,3412.019992
DW1,3412.141183
AW2,3412.141293
AL2,3412.141371
DE1,3412.283374
DE1,3422.415992
DE2,3426.480458
DL2,3426.480578
DW2,3426.480663
RE2,3426.480711
AW4,3426.608157
DE4,3431.648856
DW4,3431.649045
RE4,3431.649095
AW1,3431.773809
AL1,3431.773983
CD0,3431.774738
DE3,3438.646184
DE1,3450.873307
DL1,3450.873873
DW1,3450.874362
RE1,3450.874742
CA1,3451.061450
AW1,3451.061735
DE1,3451.063740
DW1,3451.063836
RE1,3451.063889
AW2,3451.175448
AL2,3451.175564
DE2,3459.409241
DL2,3459.409490
DW2,3459.409648
RE2,3459.409749
AW4,3459.541502
DE5,3464.897108
DW4,3465.027065
CD0,3465.027446
AW1,3475.044472
AL1,3475.044865
CD0,3475.045636
DE1,3489.446323
DL1,3489.446692
DW1,3489.446968
RE1,3489.447124
CA1,3489.569417
AW1,3489.569860
DW1,3489.691225
AW2,3489.691404
AL2,3489.691549
DE1,3491.655279
DE2,3513.155542
DL2,3513.155686
DW2,3513.155767
RE2,3513.155818
AW4,3513.282451
DE3,3516.640516
DW4,3629.074757
CD0,3629.074826
AW1,3629.075028
AL1,3629.075221
CD0,3629.076117
DE1,3637.493803
DL1,3637.494100
DW1,3637.494268
RE1,3637.494392
CA4,3637.628594
AW2,3637.629222
AL2,3637.746619
DE2,3642.838926
DL2,3642.839209
DW2,3642.839376
RE2,3642.839473
AW6,3642.970021
DE4,3646.792037
DW6,3646.919253
CD0,3646.920068
DE3,3653.280080
